NO.,NAMA KONTRAKTOR,Gred,NEGERI,DERAH,NO.TELEFON,NO.FAKS,PPK,SPKK,STB,EXPIRY DATE
1,  K&S ENTERPRISE ,G1,SABAH,TONGOD,011-5905007,NO FAX,Yes,NO SPKK,NO STP,08/02/2024
2, ' S '  TROPIKA ENTERPRISE,G1,PAHANG,BERA,0199215856,092554373,Yes,Yes,Yes,16/03/2024
3, ' Z '  ENTERPRISE,G1,KEDAH,KULIM,044905901,044905901,Yes,Yes,Yes,04/05/2024
4, A & N REJOICE ENTERPRISE ,G1,SARAWAK,MIRI,012-8499633,NO FAX,Yes,Yes,NO STP,26/09/2024
5, A & S VENTURES,G1,PULAU PINANG,BARAT DAYA,0172408055,-,Yes,Yes,Yes,08/07/2025
6, AKIM MAJU TRADING,G2,TERENGGANU,SETIU,0117815805,-,Yes,Yes,Yes,19/12/2023
7, ALAF BARU ENTERPRISE,G1,JOHOR,PONTIAN,0197183315,-,Yes,Yes,Yes,14/08/2025
8, ARTY JAYA ENTERPRISE,G1,JOHOR,KLUANG,077892232,077892232,Yes,Yes,Yes,28/06/2024
9, BAROKAH BERSATU ENTERPRISE,G2,SELANGOR,KLANG,01-26107737,NO FAX,Yes,Yes,Yes,16/02/2026
10, D PANDA EMPIRE,G1,SABAH,BEAUFORT,012-8690988,NO FAX,Yes,NO SPKK,NO STP,06/09/2025
11, DE EXCEL TOUCH,G4,SELANGOR,SEPANG,0,NO FAX,Yes,Yes,Yes,12/10/2025
12, DONG LI CONSTRUCTION COMPANY,G3,SARAWAK,KUCHING,016-8681486,0,Yes,NO SPKK,NO STP,25/05/2024
13, ENERGAZ SDN. BHD.,G2,SELANGOR,,03-87308000,03-87308000,Yes,NO SPKK,NO STP,04/04/2026
14, HUSIN JAWI RESOURCES,G1,PAHANG,BERA,0145453361,0390755145,Yes,Yes,Yes,19/01/2026
15, HYDRO MAPPERS SDN. BHD.,G5,SELANGOR,KLANG,03-32912415,03-32915241,Yes,NO SPKK,NO STP,03/04/2024
16, KOMISO COMPUTER & PRINTER CLINIC,G3,SABAH,Kota Kinabalu,088-436288,NO FAX,Yes,Yes,NO STP,07/10/2025
17, KOPERASI PESERTA-PESERTA FELCRA LAMBOR KANAN PERAK BERHAD,G3,PERAK,PERAK TENGAH,01-93422167,NO FAX,Yes,Yes,Yes,10/10/2024
18, MJ ENTERPRISE,G1,SABAH,Kota Belud,010-9556410,NO FAX,Yes,NO SPKK,NO STP,12/12/2024
19, MOHAMAD KHAIRUL AZHAR BIN RIDZUAN  ,G1,KEDAH,SIK,0125153559,NO FAX,Yes,Yes,Yes,07/06/2025
20, MYFIRIZ ENTERPRISE,G2,JOHOR,JOHOR BAHRU,0137052660,07-3333351,Yes,Yes,Yes,29/04/2026
21, OAM ENTERPRISE,G1,PERAK,KUALA KANGSAR,05-7702186,-,Yes,Yes,Yes,12/12/2026
22, PELANGI GROUP ENTERPRISE,G1,TERENGGANU,KUALA TERENGGANU,01-39411886,NO FAX,Yes,Yes,Yes,21/02/2024
23, PEMBINAAN IRAMA KELANA  SDN. BHD.        .,G5,KEDAH,KUALA MUDA,044316828,044482332,Yes,NO SPKK,NO STP,22/07/2024
24, PEMBINAAN WOO & TAN  SDN. BHD.,G6,SELANGOR,,03-89481188,NO FAX,Yes,NO SPKK,NO STP,06/11/2026
25, PERMATA CAHAYA MAJU ENTERPRISE,G2,PERAK,HILIR PERAK,01-26111574,01-26115749,Yes,Yes,Yes,03/04/2026
26, RIMBUN EMAS,G1,SABAH,Papar,087-861718,0,Yes,NO SPKK,NO STP,17/05/2025
27, RIZKY AL AMIN ENTERPRISE,G2,TERENGGANU,KUALA TERENGGANU,0199884358,-,Yes,Yes,Yes,20/02/2026
28, S R TEAM BUILDERS (M)  SDN. BHD.,G2,WILAYAH PERSEKUTUAN KUALA LUMPUR,KUALA LUMPUR,01-62958721,0,Yes,NO SPKK,NO STP,09/04/2025
29, SAMAMAJU RESOURCES ,G2,SARAWAK,BINTULU,010-4552857,NO FAX,Yes,NO SPKK,NO STP,26/10/2024
30, SERVIS HAWA DINGIN & ELEKTRIK HM,G2,NEGERI SEMBILAN,KUALA PILAH,01-32932005,-,Yes,Yes,Yes,22/12/2025
31, SULONG MARINE SLIPWAY,G4,TERENGGANU,KUALA TERENGGANU,0199883547,NO FAX,Yes,NO SPKK,NO STP,30/08/2024
32, TERINDAH MAJU ENTERPRISE,G1,PAHANG,TEMERLOH,0179238057,NO FAX,Yes,Yes,Yes,14/09/2025
33, UNITED PEST CONSULTANTS,G2,SARAWAK,KUCHING,010-9500939,NO FAX,Yes,NO SPKK,NO STP,20/02/2025
34, VALLEY ENTERPRISE,G1,SARAWAK,MIRI,016-8501800,NO FAX,Yes,NO SPKK,NO STP,27/11/2024
35, YEK KHEONG CONSTRUCTION & DECORATION,G3,PERAK,KUALA KANGSAR,05-5981584,05-5981584,Yes,NO SPKK,NO STP,15/05/2024
36, ZAIREN  ENTERPRISE,G2,SELANGOR,PETALING,03-55247979,03-55247997,Yes,Yes,Yes,28/05/2024
37,(D.U.N) ENTERPRISE,G3,SARAWAK,Lawas,013-5527111,00,Yes,Yes,Yes,10/06/2024
38,(M) VENTURE,G1,SABAH,BEAUFORT,016-4177937,0,Yes,NO SPKK,NO STP,25/10/2025
39,(MND) GROUP,G1,SABAH,Papar,010-9312711,NO FAX,Yes,NO SPKK,NO STP,24/07/2025
40,007 T AGENCY,G2,KEDAH,KOTA SETAR,0124663964,NO FAX,Yes,Yes,Yes,09/06/2025
41,0NTARGET CONSTRUCTION,G2,SABAH,Kota Belud,011-2600270,NO FAX,Yes,NO SPKK,NO STP,12/02/2024
42,1 2 1 CAPITAL SDN BHD,G5,SELANGOR,,0380117620,-,Yes,Yes,NO STP,28/02/2025
43,1 ASIA BEST RESOURCES,G3,NEGERI SEMBILAN,SEREMBAN,11-33445672,NO FAX,Yes,Yes,NO STP,11/05/2025
44,1 BUILDER CONSTRUCTION,G3,PERAK,KAMPAR,01-49068826,NO FAX,Yes,NO SPKK,NO STP,19/07/2025
45,1 BUILDER MANAGEMENT  SDN. BHD.,G3,PERAK,KAMPAR,0149068826,NO FAX,Yes,NO SPKK,NO STP,15/01/2024
46,1 DEE MAJU ENTERPRISE,G1,WILAYAH PERSEKUTUAN LABUAN,LABUAN,01-98954668,NO FAX,Yes,Yes,Yes,28/07/2025
47,1 DJ ENTERPRISE,G1,SABAH,KENINGAU,0-,-0,Yes,NO SPKK,NO STP,04/10/2025
48,1 QUALITY SDN. BHD.,G5,SELANGOR,KUALA LANGAT,0331917376,0331917375,Yes,NO SPKK,NO STP,13/02/2026
49,1 USAHA MURNI ENTERPRISE,G1,PAHANG,PEKAN,0132993516,NO FAX,Yes,Yes,Yes,26/06/2026
50,10 INFINITY SDN. BHD.,G3,SELANGOR,PETALING,03-50331796,03-50331797,Yes,NO SPKK,NO STP,16/11/2025
51,10 PLUS PLYWOOD SDN. BHD.,G2,WILAYAH PERSEKUTUAN KUALA LUMPUR,,0,NO FAX,Yes,NO SPKK,NO STP,15/10/2025
52,100 PLUS SUPERMART & TRADING  SDN. BHD.,G7,SELANGOR,PETALING,01-64459675,NO FAX,Yes,NO SPKK,NO STP,05/07/2025
53,1001 CONSTRUCTIONS,G1,WILAYAH PERSEKUTUAN KUALA LUMPUR,,01-99177182,NO FAX,Yes,Yes,Yes,29/05/2026
54,1001 ENTERPRISE,G1,SABAH,TAMBUNAN,011-1603157,NO FAX,Yes,NO SPKK,NO STP,02/07/2026
55,101 BUILDERS,G3,SELANGOR,PETALING,03-80603705,NO FAX,Yes,NO SPKK,NO STP,12/01/2025
56,101 CONTRACTOR ,G6,SARAWAK,MIRI,016-8746112,NO FAX,Yes,NO SPKK,NO STP,08/08/2025
57,113 development,G3,SABAH,KENINGAU,013-7791130,NO FAX,Yes,NO SPKK,NO STP,09/07/2025
58,1133 CRANES & TRADING SDN. BHD.,G3,SELANGOR,PETALING,0377701544,0377848387,Yes,NO SPKK,NO STP,31/01/2024
59,1133 RK LORRY TRANSPORT SDN. BHD.,G5,SELANGOR,PETALING,0377701544,0377848387,Yes,NO SPKK,NO STP,19/09/2025
60,12 DYNASTY  SDN. BHD.,G1,SELANGOR,,0102297988,NO FAX,Yes,NO SPKK,NO STP,03/07/2024
61,12 SIBLINGS ENTERPRISE,G1,PERAK,MUALLIM,01-75116227,NO FAX,Yes,Yes,Yes,11/01/2025
62,1211 BRILLIANT ENTERPRISE,G1,KEDAH,KUBANG PASU,04-9161837,NO FAX,Yes,Yes,Yes,20/01/2025
63,122 LEGACY,G1,MELAKA,MELAKA TENGAH,01-76360908,NO FAX,Yes,Yes,Yes,25/09/2025
64,13 ENERGY LEGACY,G1,TERENGGANU,KUALA TERENGGANU,01-99639533,NO FAX,Yes,Yes,Yes,05/12/2025
65,13 NOV ENTERPRISE,G2,PAHANG,KUANTAN,01-36259308,NO FAX,Yes,NO SPKK,NO STP,17/05/2024
66,13 SSRS RESOURCES SDN. BHD.,G7,WILAYAH PERSEKUTUAN KUALA LUMPUR,KUALA LUMPUR,0,NO FAX,Yes,Yes,NO STP,20/03/2025
67,133 AHMAD RESOURCES,G3,SELANGOR,KLANG,0,0,Yes,NO SPKK,NO STP,21/12/2023
68,1511 QASEH EMPIRE,G1,JOHOR,MUAR,0182899523,NO FAX,Yes,Yes,Yes,22/06/2025
69,16 STONE EMPIRE,G1,PERAK,PERAK TENGAH,01-34099412,NO FAX,Yes,Yes,Yes,02/03/2024
70,17 BERSATU ENTERPRISE,G2,TERENGGANU,BESUT,0177134634,-,Yes,Yes,Yes,25/03/2024
71,1LYNX SOLUTIONS SDN. BHD.,G4,SELANGOR,,03-74902178,NO FAX,Yes,NO SPKK,NO STP,24/07/2024
72,1st Option  Engineering,G1,SABAH,Kota Kinabalu,0168808301,088-383313,Yes,NO SPKK,NO STP,03/08/2026
73,1WORLD REAL POWER SDN. BHD.,G5,SARAWAK,KUCHING,08-2752140,-,Yes,NO SPKK,NO STP,16/02/2025
74,2 H SEKAWAN SERVICES,G1,JOHOR,KOTA TINGGI,0,NO FAX,Yes,Yes,Yes,04/10/2024
75,2 M HOMES CONSTRUCTION,G2,SELANGOR,KUALA SELANGOR,01-46954893,NO FAX,Yes,Yes,NO STP,15/08/2025
76,2 R KASIH SAYANG RESOURCES,G1,SELANGOR,GOMBAK,01-63566289,NO FAX,Yes,Yes,Yes,19/01/2025
77,2 SUCCESS RICH ENTERPRISE,G1,JOHOR,KLUANG,01-82508744,NO FAX,Yes,Yes,Yes,11/12/2023
78,201 UMI RESOURCES,G2,MELAKA,JASIN,0196854777,0,Yes,NO SPKK,NO STP,17/04/2025
79,21ST EAST  SDN. BHD.,G1,PAHANG,KUANTAN,0,NO FAX,Yes,Yes,Yes,10/04/2026
80,223 CPX  SDN. BHD.,G3,WILAYAH PERSEKUTUAN KUALA LUMPUR,,03-77709112,03-77730638,Yes,NO SPKK,NO STP,05/01/2025
81,223 MZ TRADING,G1,PERAK,KAMPAR,01-92215184,NO FAX,Yes,Yes,Yes,06/11/2024
82,24 WELLNESS,G1,WILAYAH PERSEKUTUAN KUALA LUMPUR,KUALA LUMPUR,01-94009650,NO FAX,Yes,NO SPKK,NO STP,20/09/2025
83,247 GLOBAL INDUSTRIES SDN. BHD.,G4,PULAU PINANG,SEBERANG PERAI TENGAH,0,0,Yes,Yes,NO STP,25/05/2026
84,24SEVEN ENTERPRISE,G2,SARAWAK,MERADONG,019-4395925,NO FAX,Yes,NO SPKK,NO STP,09/10/2025
85,25 ART CREATIVE,G3,PAHANG,MARAN,06-9812980,06-9812980,Yes,Yes,Yes,21/12/2024
86,25 BINA JAYA ENTERPRISE,G1,JOHOR,KOTA TINGGI,01-37757933,NO FAX,Yes,Yes,Yes,21/06/2024
87,25 DESIGN & CONSTRUCTION   SDN. BHD.,G3,JOHOR,JOHOR BAHRU,07-3610152,NO FAX,Yes,NO SPKK,NO STP,25/01/2025
88,25M BORNEO,G2,SABAH,Papar,016-8411800,00,Yes,NO SPKK,NO STP,28/04/2024
89,26 BINA RESOURCES,G2,JOHOR,JOHOR BAHRU,01-49812318,NO FAX,Yes,NO SPKK,NO STP,02/02/2025
90,28 JASA MUDA ENTERPRISE,G1,KEDAH,LANGKAWI,01-95649982,NO FAX,Yes,Yes,Yes,18/07/2026
91,28 PROJECT MANAGEMENT SERVICES,G1,SELANGOR,GOMBAK,0192754300,NO FAX,Yes,Yes,Yes,05/04/2024
92,2A CAPITAL SDN. BHD.,G4,SELANGOR,Hulu Langat,01-26030360,NO FAX,Yes,Yes,Yes,18/06/2024
93,2B CONSTRUCTION SDN. BHD.,G3,SABAH,Kota Kinabalu,01-78170747,NO FAX,Yes,NO SPKK,NO STP,12/12/2024
94,2F EMPIRE,G1,SARAWAK,Asajaya,016-5183451,NO FAX,Yes,NO SPKK,NO STP,07/01/2024
95,2F VENTURES SDN. BHD.,G4,SELANGOR,,03-67322249,03-61852014,Yes,Yes,Yes,29/09/2026
96,2H UNITED HOLDING SDN. BHD.,G4,SELANGOR,,03-76101850,03-76101850,Yes,NO SPKK,NO STP,02/11/2025
97,2K AMANAH ENTERPRISE,G1,SARAWAK,Lubok Antu,083-327711,083-327111,Yes,Yes,Yes,17/08/2025
98,2KI ENGINEERING SDN. BHD.,G1,TERENGGANU,KEMAMAN,098593066,098593066,Yes,Yes,Yes,24/03/2024
99,2M SABINDO SOLUTIONS,G1,SABAH,KINABATANGAN,016-2576040,-,Yes,NO SPKK,NO STP,12/01/2024
100,2T ENTERPRISE,G2,SABAH,KOTA MARUDU,013-8975570,-,Yes,NO SPKK,NO STP,05/10/2024
101,2TA RAKKAVAK,G2,SABAH,LAHAD DATU,0108896005,NO FAX,Yes,NO SPKK,NO STP,14/04/2026
102,2WIN TRADING,G1,SABAH,Kota Kinabalu,012-8283737,088 270837,Yes,Yes,Yes,05/08/2025
103,2Y COMMUNICATIONS ENGINEERING,G5,TERENGGANU,KUALA TERENGGANU,096221999,096248057,Yes,Yes,Yes,27/03/2024
104,2Z ENTERPRISE,G1,SARAWAK,Simunjan,01116061005,-,Yes,Yes,NO STP,25/06/2024
105,3 A EXQUISITE RESOURCES,G1,SELANGOR,SABAK BERNAM,01135433953,NO FAX,Yes,Yes,Yes,24/04/2024
106,3 A TRADING,G1,KELANTAN,KOTA BHARU,01-69545652,NO FAX,Yes,Yes,Yes,06/11/2024
107,3 AHMAD RESOURCES,G1,TERENGGANU,KUALA TERENGGANU,0139439791,0,Yes,Yes,Yes,27/12/2025
108,3 AM ENGINEERING,G1,NEGERI SEMBILAN,SEREMBAN,0,NO FAX,Yes,Yes,NO STP,08/11/2025
109,3 CT CONSTRUCTION,G1,JOHOR,JOHOR BAHRU,01-82257836,NO FAX,Yes,Yes,NO STP,27/02/2025
110,3 F GLOBAL VENTURES,G1,SELANGOR,Hulu Langat,01-95484990,NO FAX,Yes,Yes,Yes,16/01/2025
111,3 H MASTER SERVICES,G1,SELANGOR,PETALING,01-33444652,NO FAX,Yes,Yes,Yes,18/06/2025
112,3 H METAL ENGINEERING,G1,PULAU PINANG,BARAT DAYA,0,NO FAX,Yes,Yes,Yes,10/05/2024
113,3 HILL RESOURCES SDN. BHD.,G2,SELANGOR,,03-61883060,03-61863060,Yes,Yes,Yes,04/05/2026
114,3 K GENERATION ENTERPRISE,G2,NEGERI SEMBILAN,SEREMBAN,01-33484563,NO FAX,Yes,Yes,NO STP,20/01/2024
115,3 M CONSTRUCTION,G1,SABAH,Ranau,016-5568473,0,Yes,NO SPKK,NO STP,19/07/2025
116,3 PUTERA ENTERPRISE,G1,SARAWAK,MUKAH,01129904743,NO FAX,Yes,NO SPKK,NO STP,13/07/2025
117,3 SERANGKAI ENTERPRISE,G1,SARAWAK,Simunjan,016-5783755,NO FAX,Yes,NO SPKK,NO STP,07/03/2025
118,3 TU BINA JAYA ENTERPRISE,G3,TERENGGANU,KEMAMAN,01-99773470,NO FAX,Yes,Yes,Yes,05/03/2025
119,3 ZAF VENTURE,G1,SELANGOR,GOMBAK,0--,NO FAX,Yes,NO SPKK,NO STP,02/05/2025
120,3068 RENOVATION MARKETING,G1,SELANGOR,KLANG,03-32902101,NO FAX,Yes,NO SPKK,NO STP,28/06/2025
121,3113 ENTERPRISE,G2,SABAH,SEMPORNA,089-785041,089-781113,Yes,NO SPKK,NO STP,15/10/2025
122,313 ARMADA LEGACY,G1,PERAK,PERAK TENGAH,01-25556657,NO FAX,Yes,Yes,Yes,14/02/2024
123,313 ENTERPRISE,G1,SABAH,TAWAU,0198080422,-,Yes,Yes,Yes,17/06/2025
124,33 THREADING SERVICES,G1,SELANGOR,Subang Jaya,0,NO FAX,Yes,NO SPKK,NO STP,12/09/2025
125,3535 SOMAC EMPIRE,G1,SELANGOR,Hulu Langat,01-26993775,01-26993775,Yes,Yes,Yes,18/01/2025
126,361 DEGREE ENGINEERING & SERVICES SDN. BHD.,G3,SELANGOR,KLANG,0193501697,NO FAX,Yes,Yes,NO STP,28/02/2025
127,38 CONTRACTOR,G2,SABAH,SANDAKAN,011-3183083,0,Yes,NO SPKK,NO STP,08/05/2025
128,39 FM RESOURCES,G3,KEDAH,KULIM,0,NO FAX,Yes,NO SPKK,NO STP,02/11/2025
129,3A DEVELOPMENT & CONSTRUCTION SDN. BHD.,G1,SELANGOR,,03-79580251,NO FAX,Yes,NO SPKK,NO STP,01/06/2024
130,3A Enterprise,G1,SABAH,Kota Kinabalu,016-8293823,0,Yes,NO SPKK,NO STP,13/06/2026
131,3A GLOBAL INTEGRATED ENGINEERING SDN. BHD.,G4,SARAWAK,MIRI,08-5326881,NO FAX,Yes,Yes,NO STP,18/01/2025
132,3A INDAH ENTERPRISE,G1,PERLIS,PERLIS,0124013906,-,Yes,Yes,Yes,25/01/2026
133,3A SEPAKAT SDN. BHD.,G3,TERENGGANU,KUALA TERENGGANU,09-6223629,NO FAX,Yes,Yes,Yes,08/01/2024
134,3AAA ENTERPRISE,G1,SABAH,KENINGAU,087-312718,NO FAX,Yes,NO SPKK,NO STP,31/03/2026
135,3B BERJAYA ENTERPRISE,G1,SABAH,Kota Kinabalu,----,NO FAX,Yes,NO SPKK,NO STP,11/10/2024
136,3BINACONSTRUCT  SDN. BHD.,G5,SELANGOR,,03-79542462,03-79582462,Yes,Yes,Yes,29/03/2026
137,3C CLARA ENTERPRISE,G1,SARAWAK,MIRI,012-8530120,-,Yes,Yes,NO STP,31/01/2024
138,3D BINTANG KEJURUTERAAN SDN. BHD.,G3,PULAU PINANG,SEBERANG PERAI TENGAH,0124646909,NO FAX,Yes,NO SPKK,NO STP,30/10/2024
139,3D CONTRACTOR,G1,SARAWAK,Serian,0,0,Yes,NO SPKK,NO STP,26/10/2024
140,3D KIM LETRIK SDN. BHD.,G3,SELANGOR,,03-61429836,03-61429837,Yes,NO SPKK,NO STP,06/03/2026
141,3D RENOVATION SDN. BHD.,G3,SELANGOR,,03-61429836,03-61429837,Yes,NO SPKK,NO STP,08/03/2026
142,3DI SDN. BHD.,G2,WILAYAH PERSEKUTUAN KUALA LUMPUR,KUALA LUMPUR,0362509000,0362609010,Yes,Yes,NO STP,22/06/2024
143,3E ELECTRICAL SDN. BHD,G3,PAHANG,KUANTAN,095173518,095173512,Yes,Yes,Yes,17/06/2025
144,3E GEOSYNTHETICS SDN. BHD.,G5,SARAWAK,KUCHING,-0126528753,NO FAX,Yes,NO SPKK,NO STP,06/01/2024
145,3E JAYA SEPADU,G1,SARAWAK,MIRI,014-8761935,NO FAX,Yes,Yes,NO STP,20/04/2026
146,3F CONTRACTOR & SUPPLIES,G2,SABAH,Kota Kinabalu,0168330865,-,Yes,NO SPKK,NO STP,26/09/2024
147,3F RESOURCES SDN. BHD.,G4,WILAYAH PERSEKUTUAN KUALA LUMPUR,KUALA LUMPUR,0341430566,0341436506,Yes,Yes,Yes,20/07/2024
148,3G CONTRACTOR,G1,SABAH,KOTA MARUDU,011-3165678,NO FAX,Yes,NO SPKK,NO STP,13/09/2025
149,3G Enterprise,G3,SABAH,KENINGAU,013-8059059,NO FAX,Yes,NO SPKK,NO STP,09/07/2025
150,3I ENGINEERING SDN. BHD.,G4,WILAYAH PERSEKUTUAN KUALA LUMPUR,KUALA LUMPUR,-0-61886135,-0-42650135,Yes,Yes,Yes,20/06/2024
151,3I ENTERPRISE,G1,SABAH,Tuaran,01169285659,NO FAX,Yes,NO SPKK,NO STP,05/08/2026
152,3K ENTERPRISE,G1,SABAH,KUALA PENYU,01151435206,NO FAX,Yes,NO SPKK,NO STP,21/12/2023
153,3K Enterprise,G1,SABAH,Kota Kinabalu,016-8306903,NO FAX,Yes,NO SPKK,NO STP,04/07/2024
154,3k new century contruction,G2,SABAH,Kota Kinabalu,016-8421678,NO FAX,Yes,NO SPKK,NO STP,30/07/2024
155,3L STEEL ENGINEERING SDN. BHD.,G3,NEGERI SEMBILAN,SEREMBAN,06-7641973,06-7640299,Yes,Yes,NO STP,27/10/2024
156,3M KL SDN. BHD.,G5,SELANGOR,PETALING,0,NO FAX,Yes,NO SPKK,NO STP,12/11/2025
157,3M SYNERGY SDN. BHD.,G6,SELANGOR,Hulu Langat,0387246508,0387246508,Yes,NO SPKK,NO STP,23/02/2025
158,3MJ CONSTRUCTION,G1,SABAH,KENINGAU,087-330916,NO FAX,Yes,NO SPKK,NO STP,24/08/2025
159,3NY ENTERPRISE,G1,SARAWAK,Saratok,019-8270757,0,Yes,Yes,Yes,04/07/2025
160,3PEAK CONSTRUCTION SDN BHD,G7,PERAK,KINTA,055463550,055463625,Yes,NO SPKK,NO STP,01/07/2025
161,3R BERKAT TRADING,G1,KELANTAN,TUMPAT,0129390564,-,Yes,Yes,Yes,06/02/2026
162,3R ENTERPRISE,G1,SARAWAK,SIBU,-,-,Yes,NO SPKK,NO STP,05/11/2026
163,3R GEMILANG ENTERPRISE,G1,SABAH,TAMBUNAN,011-3517300,NO FAX,Yes,NO SPKK,NO STP,21/08/2025
164,3R SENGGARA SDN. BHD.,G3,SELANGOR,PETALING,0189898773,0389406603,Yes,NO SPKK,NO STP,17/11/2024
165,3R SYSTEMS SDN. BHD.,G5,SELANGOR,PETALING,0377842929,0377842939,Yes,Yes,NO STP,14/06/2024
166,3S INDAH TEGUH SDN. BHD.,G4,SELANGOR,Hulu Langat,03-89123539,03-89257797,Yes,Yes,Yes,26/09/2025
167,3S UPCOMING ENTERPRISE,G5,SABAH,Kota Kinabalu,116-9217525,NO FAX,Yes,Yes,NO STP,02/10/2024
168,3T SYSTEM SDN. BHD.,G3,WILAYAH PERSEKUTUAN KUALA LUMPUR,KUALA LUMPUR,0,NO FAX,Yes,NO SPKK,NO STP,14/02/2025
169,3V ENTERPRISE,G1,SABAH,Nabawan,087-,NO FAX,Yes,NO SPKK,NO STP,05/07/2024
170,3VF TECHNOLOGY SDN. BHD.,G3,WILAYAH PERSEKUTUAN KUALA LUMPUR,KUALA LUMPUR,03-41444763,03-41444762,Yes,NO SPKK,NO STP,03/08/2024
171,4 ACES PRESTIGE RESOURCES,G1,JOHOR,BATU PAHAT,01-92617260,NO FAX,Yes,Yes,Yes,08/08/2024
172,4 DEE KONTRAKTOR,G1,SABAH,Beluran,014-5399627,-,Yes,NO SPKK,NO STP,24/12/2024
173,4 DIMENSION TRADING,G1,KELANTAN,TUMPAT,0179832243,NO FAX,Yes,Yes,Yes,16/08/2026
174,4 H BAROKAH ENTERPRISE,G1,KELANTAN,PASIR PUTEH,01-11024262,NO FAX,Yes,Yes,Yes,15/10/2024
175,4 J ENTERPRISE,G2,SARAWAK,LIMBANG,017-8571287,017-8062243,Yes,Yes,Yes,26/09/2026
176,4 M GROUP ENTERPRISE,G1,KELANTAN,TANAH MERAH,0136248216,NO FAX,Yes,Yes,Yes,25/04/2026
177,4 SHAH LEGACY,G1,JOHOR,MUAR,0196939312,NO FAX,Yes,Yes,Yes,16/08/2025
178,4 TIME GLOBAL TECH,G1,KEDAH,SIK,01-96577198,NO FAX,Yes,Yes,Yes,06/07/2026
179,4 TIME RESOURCES,G1,KEDAH,SIK,01-11192219,NO FAX,Yes,Yes,Yes,28/03/2025
180,4 TWELVE ASPIRATION ENTERPRISE,G1,PAHANG,BENTONG,01-65481545,NO FAX,Yes,Yes,Yes,21/09/2025
181,4. GEETA ENTERPRISE,G1,SARAWAK,LIMBANG,085-217677,085-217677,Yes,NO SPKK,NO STP,10/09/2025
182,45 TH AVENUE CONSTRUCTION,G2,PERAK,KINTA,01-25152730,NO FAX,Yes,NO SPKK,NO STP,13/01/2025
183,4A LUJIB JAYA ENTERPRISE,G1,SARAWAK,LIMBANG,085-212770,085-216770,Yes,NO SPKK,NO STP,05/06/2024
184,4DEE ENTERPRISE,G1,SABAH,TONGOD,00,00,Yes,NO SPKK,NO STP,06/03/2025
185,4E FAMILY ENTERPRISE,G1,SARAWAK,Simunjan,010-9318201,0,Yes,NO SPKK,NO STP,21/11/2023
186,4G CONSTRUCTION SDN. BHD.,G4,WILAYAH PERSEKUTUAN KUALA LUMPUR,KUALA LUMPUR,03-28589669,03-28589669,Yes,NO SPKK,NO STP,15/08/2026
187,4M Xavier Pegari Enterprise,G1,SARAWAK,BINTULU,013-8299322,NO FAX,Yes,NO SPKK,NO STP,29/01/2025
188,4U DIGITAL ICON SDN. BHD.,G5,WILAYAH PERSEKUTUAN KUALA LUMPUR,KUALA LUMPUR,019-9763122,NO FAX,Yes,NO SPKK,NO STP,23/05/2025
189,5 AF ENTERPRISE,G1,JOHOR,MUAR,0142618887,NO FAX,Yes,Yes,Yes,04/07/2025
190,5 BROTHERS CONSTRUCTION,G1,SABAH,LAHAD DATU,0198282324,-,Yes,Yes,Yes,29/09/2024
191,5 HUP CONSTRUCTION SDN. BHD.,G7,SELANGOR,KLANG,03-30025592,03-30025591,Yes,NO SPKK,NO STP,22/04/2024
192,5 ISLAND ENTERPRISE,G1,KELANTAN,PASIR PUTEH,03-55453363,NO FAX,Yes,Yes,Yes,17/03/2024
193,5 JOOL ENTERPRISE,G1,SELANGOR,KUALA SELANGOR,0,NO FAX,Yes,Yes,Yes,15/03/2025
194,5 MUDA EMPIRE,G1,SELANGOR,SABAK BERNAM,01-47383787,NO FAX,Yes,Yes,Yes,16/04/2024
195,5 SAL AZ ENTERPRISE,G1,TERENGGANU,SETIU,0139910342,0139910342,Yes,Yes,Yes,05/04/2026
196,5 TALK ENTERPRISE,G1,SABAH,TELUPID,013-8652118,0,Yes,NO SPKK,NO STP,16/07/2024
197,5 ZAL TEKNIK ENTERPRISE,G1,PAHANG,BENTONG,01-1554026,NO FAX,Yes,Yes,Yes,14/02/2026
198,5555 CP INTERNITY SDN. BHD.,G3,SARAWAK,KUCHING,01-68602499,NO FAX,Yes,NO SPKK,NO STP,12/11/2025
199,5A YAKIN ENTERPRISE,G1,KEDAH,KULIM,019-4526029,019-4526029,Yes,Yes,Yes,03/02/2025
200,5E HOME TECHNOLOGY  SDN. BHD.,G3,SELANGOR,,0,NO FAX,Yes,NO SPKK,NO STP,08/09/2026
201,5M MAJU ENTERPRISE,G2,WILAYAH PERSEKUTUAN KUALA LUMPUR,KUALA LUMPUR,01-07161274,-,Yes,Yes,NO STP,07/12/2023
202,5S BERSAUDARA SDN. BHD.,G1,SARAWAK,KUCHING,082-427000,082-252225,Yes,Yes,Yes,13/03/2026
203,5-STAR CERAMICS SDN. BHD.,G4,PERAK,,052550271,052550703,Yes,NO SPKK,NO STP,14/04/2024
204,5TECH SERVICE ENGINEERING SDN. BHD.,G4,WILAYAH PERSEKUTUAN KUALA LUMPUR,,0,NO FAX,Yes,Yes,NO STP,15/06/2025
205,615 CONSTRUCTION,G2,SABAH,KENINGAU,016-8012352,-,Yes,NO SPKK,NO STP,11/05/2024
206,65 EMPIRE,G1,SELANGOR,,01-73602001,NO FAX,Yes,Yes,Yes,10/08/2024
207,65 PLATE RESOURCES,G1,PAHANG,RAUB,01-96660192,NO FAX,Yes,Yes,Yes,14/06/2026
208,6789 TOP EXCELLENT,G2,SABAH,Kota Kinabalu,019-8101677,NO FAX,Yes,NO SPKK,NO STP,03/04/2026
209,6819 ENTERPRISE,G1,SABAH,Nabawan,088702124,088702124,Yes,NO SPKK,NO STP,20/06/2024
210,6883 CONSTRUCTION SDN. BHD.,G3,JOHOR,,01-22107469,NO FAX,Yes,NO SPKK,NO STP,27/05/2025
211,69 PROMAX VENTURES,G1,TERENGGANU,KEMAMAN,01-49439950,NO FAX,Yes,NO SPKK,NO STP,09/05/2025
212,698 BERSAMA ENTERPRISE,G2,TERENGGANU,BESUT,01-29486800,NO FAX,Yes,Yes,Yes,27/06/2025
213,6IXTYPIPS TRADER,G1,SABAH,Kota Belud,088-973353,NO FAX,Yes,Yes,NO STP,30/08/2026
214,7 BERADIK RESOURCES,G1,SELANGOR,SABAK BERNAM,01-89044160,NO FAX,Yes,Yes,Yes,27/03/2025
215,7 DAYS 7 NIGHTS ENTERPRISE,G1,PAHANG,ROMPIN,01-29530377,NO FAX,Yes,Yes,Yes,05/04/2026
216,7 DIGITS ENTERPRISE,G1,PAHANG,MARAN,01-45787878,NO FAX,Yes,Yes,Yes,29/05/2024
217,7 J FIXER UPPER ENTERPRISE,G1,PAHANG,RAUB,01-45095377,NO FAX,Yes,Yes,Yes,11/10/2025
218,7 PILLARS CONSTRUCTION & SERVICES,G3,KELANTAN,TUMPAT,0137157111,0,Yes,Yes,Yes,11/10/2026
219,7 POINT 8 SDN. BHD.,G4,PULAU PINANG,SEBERANG PERAI TENGAH,0,NO FAX,Yes,NO SPKK,NO STP,13/09/2025
220,7188 ENTERPRISE,G1,SABAH,Kota Kinabalu,011-1078718,NO FAX,Yes,NO SPKK,NO STP,07/02/2025
221,722 CONSTRUCTION PLT,G2,SARAWAK,MIRI,11-25066896,NO FAX,Yes,NO SPKK,NO STP,19/06/2025
222,731 PINTU VENTURE,G1,KEDAH,KUALA MUDA,01-34299779,NO FAX,Yes,Yes,Yes,18/01/2025
223,75 RESOURCES,G3,SABAH,KENINGAU,017-4456228,NO FAX,Yes,Yes,NO STP,11/04/2025
224,76 TRADING & SERVICES,G1,JOHOR,JOHOR BAHRU,0125368180,NO FAX,Yes,NO SPKK,NO STP,08/11/2025
225,77 AZ ENTERPRISE,G2,JOHOR,JOHOR BAHRU,01-42769263,NO FAX,Yes,Yes,Yes,12/12/2023
226,78 ENNTADI ENTERPRISE,G1,PAHANG,JERANTUT,01-99692784,NO FAX,Yes,Yes,Yes,12/04/2024
227,78 SYUKUR ENTERPRISE,G1,JOHOR,BATU PAHAT,01-27740018,NO FAX,Yes,Yes,Yes,18/02/2025
228,799 CONTRACTOR,G2,SARAWAK,MIRI,016-8743233,NO FAX,Yes,NO SPKK,NO STP,10/04/2024
229,7DSM PROJECTS SDN. BHD.,G7,PULAU PINANG,SEBERANG PERAI TENGAH,0164455789,-,Yes,Yes,NO STP,11/10/2025
230,7H ENTERPRISE,G2,SARAWAK,BINTULU,010-9681718,0,Yes,Yes,NO STP,15/04/2025
231,7PAIR TECHNOLOGIES SERVICES,G1,SELANGOR,PETALING,01-72219145,NO FAX,Yes,Yes,Yes,09/10/2025
232,7R ENGINEERING SDN. BHD.,G1,JOHOR,JOHOR BAHRU,0125642878,NO FAX,Yes,NO SPKK,NO STP,05/09/2025
233,8 CONSTRUCTION,G1,SARAWAK,Matu,017-8517785,NO FAX,Yes,NO SPKK,NO STP,10/05/2025
234,8 LIMITED ENTERPRISE,G1,PERAK,MANJUNG,01-11944660,NO FAX,Yes,Yes,Yes,27/03/2025
235,8 SENSE PRODUCTION ,G1,PERAK,MANJUNG,01-11081560,NO FAX,Yes,Yes,Yes,24/03/2026
236,8 STARS ELECTRICAL (M) SDN. BHD.,G3,SELANGOR,,03-89597868,NO FAX,Yes,NO SPKK,NO STP,02/03/2026
237,81 NTL SDN. BHD.,G1,JOHOR,KULAIJAYA,01-67856936,NO FAX,Yes,NO SPKK,NO STP,26/09/2025
238,8383 EMPIRE,G2,SABAH,Kota Kinabalu,018-3818383,NO FAX,Yes,NO SPKK,NO STP,17/10/2025
239,8539 GROUP ENTERPRISE,G1,PERLIS,PERLIS,01-94788539,0,Yes,Yes,NO STP,08/02/2024
240,88 POWER SDN. BHD.,G3,JOHOR,,03-80808268,NO FAX,Yes,NO SPKK,NO STP,07/10/2024
241,8IOPOWER  SDN. BHD.,G3,SELANGOR,,60-13530689,NO FAX,Yes,NO SPKK,NO STP,14/08/2024
242,9 PIKOUL HOLDINGS,G2,SARAWAK,MUKAH,019-8878834,082-531524,Yes,Yes,Yes,25/01/2025
243,96 CONSTRUCTION SDN. BHD.,G4,WILAYAH PERSEKUTUAN KUALA LUMPUR,KUALA LUMPUR,00,-,Yes,NO SPKK,NO STP,21/07/2026
244,99 GROUP M SHANTHI ENTERPRISE,G5,WILAYAH PERSEKUTUAN KUALA LUMPUR,KUALA LUMPUR,0,NO FAX,Yes,NO SPKK,NO STP,12/10/2026
245,99 INTERIOR DESIGN,G2,SELANGOR,KLANG,01-73958337,NO FAX,Yes,NO SPKK,NO STP,25/08/2026
246,99 M JAYA ENTERPRISE,G1,SARAWAK,SARIKEI,01158806037,NO FAX,Yes,Yes,NO STP,15/08/2025
247,99 REZKI NIAGA ENTERPRISE,G1,SABAH,Kota Belud,-,-,Yes,NO SPKK,NO STP,02/08/2024
248,9919 GROUP ENTERPRISE,G3,TERENGGANU,BESUT,01-99993919,NO FAX,Yes,NO SPKK,NO STP,16/07/2025
249,995MAJU SDN. BHD.,G7,SARAWAK,KUCHING,08-2367995,08-2361989,Yes,Yes,Yes,20/05/2025
250,999 ENTERPRISE,G1,SABAH,TAWAU,016-4479114,-,Yes,NO SPKK,NO STP,20/11/2023
251,A  & A ENTERPRISE,G1,SABAH,Kudat,013-7285787,NO FAX,Yes,NO SPKK,NO STP,24/02/2025
252,A  AND A  ENTERPRISE,G1,PAHANG,KUANTAN,0139813342,-,Yes,Yes,Yes,30/11/2025
253,A ' DNAN BIN SALLEH,G1,TERENGGANU,MARANG,0199191266,-,Yes,Yes,Yes,25/09/2025
254,A ' FAMOSA GOLF RESORT BHD.,G7,MELAKA,ALOR GAJAH,0129713285,0,Yes,NO SPKK,NO STP,16/08/2025
255,A  PLUS  CONSTRUCTION,G1,SARAWAK,MUKAH,013-5706217,NO FAX,Yes,NO SPKK,NO STP,25/04/2024
256,A ' RIFIN BIN ABU BAKAR,G1,TERENGGANU,KUALA TERENGGANU,096314005,-,Yes,Yes,Yes,28/11/2025
257,A ' TAM ARIFF ENTERPRISE,G5,NEGERI SEMBILAN,,0196576911,066315022,Yes,Yes,Yes,29/10/2025
258,A & A ADVANCED WORLD ENTERPRISE,G3,JOHOR,KOTA TINGGI,0,-,Yes,Yes,Yes,24/12/2024
259,A & A BAKTI ENTERPRISE,G2,JOHOR,JOHOR BAHRU,07-5541013,NO FAX,Yes,NO SPKK,NO STP,19/12/2023
260,A & A BINA ENTERPRISE,G1,KEDAH,KOTA SETAR,01-24320449,NO FAX,Yes,Yes,Yes,25/04/2025
261,A & A COMPANY,G1,SARAWAK,SRI AMAN,010-9333935,0,Yes,NO SPKK,NO STP,14/05/2024
262,A & A CONCEPT DESIGN & CONTRACT SDN. BHD.,G7,WILAYAH PERSEKUTUAN KUALA LUMPUR,KUALA LUMPUR,03-79806633,03-79806336,Yes,NO SPKK,NO STP,02/10/2025
263,A & A DINAR SDN. BHD.,G7,SELANGOR,Subang Jaya,0380231835,NO FAX,Yes,Yes,Yes,07/08/2024
264,A & A DINASTI RESOURCES,G4,KELANTAN,KOTA BHARU,0137752331,-,Yes,Yes,Yes,27/04/2024
265,A & A ENTERPRISE,G4,SABAH,TAWAU,019-8233008,NO FAX,Yes,NO SPKK,NO STP,10/04/2025
266,A & A ENTERPRISE,G1,SARAWAK,Serian,0198868262,0,Yes,NO SPKK,NO STP,24/01/2025
267,A & A ENTERPRISE,G1,SABAH,SANDAKAN,012-8214562,NO FAX,Yes,NO SPKK,NO STP,05/11/2025
268,A & A ENTERPRISE,G2,SABAH,SANDAKAN,012-8214562,-,Yes,Yes,NO STP,14/02/2025
269,A & A EVERSHINE SDN. BHD.,G5,WILAYAH PERSEKUTUAN KUALA LUMPUR,KUALA LUMPUR,016-6676725,NO FAX,Yes,NO SPKK,NO STP,10/01/2025
270,A & A FAMILY ENTERPRISE,G1,MELAKA,MELAKA TENGAH,01-76664625,-,Yes,Yes,Yes,19/04/2024
271,A & A GLOBAL DEVELOPMENT SDN. BHD.,G7,WILAYAH PERSEKUTUAN KUALA LUMPUR,KUALA LUMPUR,03-42975096,03-42978239,Yes,NO SPKK,NO STP,05/01/2024
272,A & A INDAH ENTERPRISE,G3,JOHOR,JOHOR BAHRU,01-27708974,NO FAX,Yes,Yes,Yes,22/04/2024
273,A & A KASIH MAJU ENTERPRISE,G1,NEGERI SEMBILAN,REMBAU,1-120605452,00-00000,Yes,Yes,Yes,12/06/2026
274,A & A PAINTING SDN. BHD.,G3,SELANGOR,KUALA LUMPUR,0390191775,0390191775,Yes,NO SPKK,NO STP,17/06/2024
275,A & A RE DEVELOPMENT SDN. BHD.,G7,WILAYAH PERSEKUTUAN KUALA LUMPUR,KUALA LUMPUR,03-79806633,03-79806336,Yes,NO SPKK,NO STP,03/10/2025
276,A & A SEPAKAT ENTERPRISE,G3,SELANGOR,PETALING,-,-,Yes,Yes,Yes,15/03/2025
277,A & A WORLD LINK TRAVEL SDN. BHD.,G5,MELAKA,MELAKA TENGAH,-,-,Yes,NO SPKK,NO STP,11/07/2024
278,A & AS MAJU BERKAT LEGACY,G1,KELANTAN,KOTA BHARU,01-99288993,NO FAX,Yes,Yes,Yes,28/05/2024
279,A & B AZILA CERIA ENTERPRISE,G1,PULAU PINANG,SEBERANG PERAI TENGAH,0--,-,Yes,Yes,Yes,25/08/2024
280,A & B BORNEO GROUP SDN. BHD.,G2,SARAWAK,,08-6316806,NO FAX,Yes,NO SPKK,NO STP,18/03/2024
281,A & B KRISTAL TRADING,G1,WILAYAH PERSEKUTUAN LABUAN,LABUAN,01-98082896,NO FAX,Yes,Yes,Yes,21/08/2024
282,A & B MANSANG ENTERPRISE,G1,SARAWAK,SELANGAU,0,NO FAX,Yes,NO SPKK,NO STP,05/10/2026
283,A & B REKA BINA (M) SDN. BHD.,G3,SELANGOR,PETALING,0331916115,0331916115,Yes,Yes,Yes,31/05/2025
284,A & D CINTA QASEH,G2,PERAK,PERAK TENGAH,00-0000000,NO FAX,Yes,Yes,NO STP,06/01/2024
285,A & D ENTERPRISE,G1,SARAWAK,Saratok,11-14116283,-,Yes,Yes,NO STP,12/01/2024
286,A & D GADGET,G2,SABAH,Kota Kinabalu,011-5133922,NO FAX,Yes,NO SPKK,NO STP,11/08/2024
287,A & D GENERATION,G1,SELANGOR,SEPANG,03-,NO FAX,Yes,Yes,Yes,13/12/2025
288,A & D HERITAGE,G1,KELANTAN,BACHOK,01-11311558,NO FAX,Yes,Yes,NO STP,23/12/2023
289,A & E CONSTRUCTION & SERVICES,G1,JOHOR,KULAIJAYA,01-27543834,NO FAX,Yes,Yes,Yes,23/02/2024
290,A & E ENGINEERING SERVICES,G1,SARAWAK,MIRI,013-8459545,013-8459545,Yes,Yes,NO STP,29/11/2025
291,A & E ENTERPRISE,G3,TERENGGANU,MARANG,09-6181443,09-6181443,Yes,NO SPKK,NO STP,24/03/2024
292,A & E GLOBAL WEALTH ENTERPRISE,G2,SELANGOR,KUALA LANGAT,01-25850786,NO FAX,Yes,Yes,Yes,07/08/2026
293,A & E SEJAHTERA ENTERPRISE,G2,TERENGGANU,KUALA TERENGGANU,01-45315434,NO FAX,Yes,Yes,Yes,14/10/2025
294,A & E SUCCESS RESOURCES,G2,NEGERI SEMBILAN,SEREMBAN,01-83504805,NO FAX,Yes,Yes,Yes,21/11/2023
295,A & EZ ENTERPRISE,G1,PAHANG,BERA,01-79329427,NO FAX,Yes,NO SPKK,NO STP,24/03/2026
296,A & F  ENTERPRISE,G1,SABAH,Ranau,019-8081339,NO FAX,Yes,NO SPKK,NO STP,05/04/2026
297,A & F ARMANI ENTERPRISE,G2,JOHOR,MUAR,06-9522999,NO FAX,Yes,NO SPKK,NO STP,24/08/2025
298,A & F CENTRE RESOURCES,G1,JOHOR,MERSING,0137713972,NO FAX,Yes,Yes,Yes,24/05/2025
299,A & F EMPIRE,G1,KEDAH,KUALA MUDA,04-4213028,NO FAX,Yes,Yes,Yes,11/10/2025
300,A & F ENTERPRISE,G1,SARAWAK,MUKAH,01138644444,NO FAX,Yes,NO SPKK,NO STP,19/09/2024
301,A & F ENTERPRISE,G1,SABAH,KOTA MARUDU,014-6546791,NO FAX,Yes,NO SPKK,NO STP,14/03/2024
302,A & F JAYA CONSTRUCTION,G1,KEDAH,LANGKAWI,01114481207,NO FAX,Yes,Yes,Yes,20/12/2023
303,A & F RIZKIN ENTERPRISE,G1,PAHANG,TEMERLOH,01-82587416,NO FAX,Yes,Yes,Yes,08/01/2025
304,A & G DEVELOPMENT SDN. BHD.,G6,JOHOR,JOHOR BAHRU,073329375,073381393,Yes,NO SPKK,NO STP,17/09/2024
305,A & H CEMERLANG ENTERPRISE,G2,KEDAH,LANGKAWI,---,NO FAX,Yes,Yes,Yes,13/07/2026
306,A & H CONTRACTOR,G1,JOHOR,BATU PAHAT,01-96842055,07-4334257,Yes,Yes,Yes,06/09/2026
307,A & H DYNAMIC VENTURES,G2,SELANGOR,Hulu Langat,01-92410499,NO FAX,Yes,NO SPKK,NO STP,06/10/2025
308,A & H EXPERTISE,G1,SARAWAK,SAMARAHAN,014-6996924,NO FAX,Yes,Yes,NO STP,23/08/2025
309,A & H GENERAL TRADING,G1,SARAWAK,MIRI,085614776,085614776,Yes,NO SPKK,NO STP,01/09/2025
310,A & H GROUP MALAYSIA ENTERPRISE,G2,KEDAH,KULIM,0199599702,NO FAX,Yes,Yes,NO STP,23/08/2025
311,A & H JAYA ENTERPRISE,G2,NEGERI SEMBILAN,KUALA PILAH,---,06-4546655,Yes,Yes,Yes,09/02/2024
312,A & H KHALIFAH ENTERPRISE ,G1,KEDAH,LANGKAWI,03-89129329,NO FAX,Yes,Yes,Yes,15/06/2026
313,A & J ENTERPRISE,G1,SABAH,Tuaran,017-8904416,NO FAX,Yes,NO SPKK,NO STP,26/05/2025
314,A & J ENTERPRISE,G1,SARAWAK,Daro,019-8245617,-,Yes,Yes,NO STP,10/12/2025
315,A & J ENTERPRISE,G1,SABAH,KINABATANGAN,01151554393,-,Yes,NO SPKK,NO STP,29/03/2024
316,A & J MAJU JAYA,G2,SABAH,Kota Kinabalu,014-5615954,NO FAX,Yes,Yes,Yes,26/03/2025
317,A & K BINA ENTERPRISE,G1,KEDAH,BALING,044767613,044767613,Yes,Yes,Yes,07/05/2024
318,A & L AGENCY SERVICES,G2,SARAWAK,MIRI,016-8729090,085-417581,Yes,Yes,NO STP,19/11/2024
319,A & L COMPANY,G1,SARAWAK,SIBU,016-8795673,NO FAX,Yes,NO SPKK,NO STP,05/10/2025
320,A & L MARKETING & TRADING,G3,KELANTAN,KOTA BHARU,097436788,097436788,Yes,NO SPKK,NO STP,27/04/2024
321,A & LIN ENTERPRISE,G2,SELANGOR,SEPANG,0,0,Yes,Yes,Yes,24/07/2026
322,A & M  ENTERPRISE,G2,SABAH,TENOM,016-8550976,NO FAX,Yes,NO SPKK,NO STP,25/07/2024
323,A & M BERJAYA ENTERPRISE,G1,JOHOR,MUAR,069523297,069523297,Yes,Yes,Yes,14/10/2025
324,A & M DESIGN SERVICES,G1,KEDAH,KUALA MUDA,01-34845093,NO FAX,Yes,NO SPKK,NO STP,12/10/2025
325,A & M HOLDING,G2,SABAH,Kota Kinabalu,014-8844666,NO FAX,Yes,Yes,NO STP,29/04/2026
326,A & M TRADING,G1,SABAH,KINABATANGAN,010-7928409,NO FAX,Yes,NO SPKK,NO STP,21/08/2024
327,A & N ENTERPRISE,G1,KELANTAN,KUALA KRAI,019-9542566,-,Yes,Yes,Yes,29/05/2024
328,A & Q ENTERPRISE,G1,SARAWAK,LIMBANG,01151207635,NO FAX,Yes,Yes,NO STP,24/09/2024
329,A & Q ENTERPRISE,G1,SABAH,Kota Kinabalu,012-8125124,088-213455,Yes,Yes,NO STP,06/05/2026
330,A & QAL EMPIRE,G1,PAHANG,BERA,013074335,NO FAX,Yes,Yes,Yes,10/04/2026
331,A & R CLASICO ENTERPRISE,G1,PAHANG,KUANTAN,-,NO FAX,Yes,Yes,Yes,14/11/2023
332,A & R DESIGN SDN. BHD.,G3,PULAU PINANG,TIMUR LAUT,042280020,042270023,Yes,NO SPKK,NO STP,19/12/2024
333,A & R DYNAMIC ENTERPRISE,G1,JOHOR,MUAR,074342545,074355045,Yes,Yes,Yes,22/09/2024
334,A & R ENTERPRISE,G1,SARAWAK,Simunjan,014-2448377,NO FAX,Yes,NO SPKK,NO STP,14/11/2024
335,A & R ENTERPRISE,G2,SABAH,Kota Belud,0198429378,088719643,Yes,Yes,Yes,15/02/2026
336,A & R ENTERPRISE 2,G1,SABAH,Kota Belud,01116054046,NO FAX,Yes,NO SPKK,NO STP,11/02/2026
337,A & R MAJU RESOURCES SDN. BHD.,G2,PAHANG,BENTONG,09-,09-,Yes,Yes,Yes,19/05/2025
338,A & R SEPAKAT ENTERPRISE,G1,JOHOR,BATU PAHAT,017038195,NO FAX,Yes,Yes,Yes,03/10/2025
339,A & R SRIKANDI ENTERPRISE,G2,SELANGOR,KUALA SELANGOR,0332694980,-,Yes,Yes,Yes,15/01/2024
340,A & R TEGUH TRADING,G1,SELANGOR,PETALING,01-02001400,NO FAX,Yes,Yes,NO STP,07/06/2025
341,A & R TERAS ENTERPRISE,G1,PAHANG,BENTONG,0176312693,NO FAX,Yes,Yes,Yes,17/07/2026
342,A & R VENTURE,G3,PULAU PINANG,BARAT DAYA,046306638,046306630,Yes,Yes,Yes,14/08/2025
343,A & RK ENTERPRISE,G1,SELANGOR,KUALA LANGAT,0194710211,-,Yes,Yes,Yes,16/07/2025
344,A & S BUILDING TECH SDN. BHD.,G6,SELANGOR,,03-78802710,03-78802712,Yes,NO SPKK,NO STP,22/09/2025
345,A & S ENTERPRISE,G1,SARAWAK,LIMBANG,013-8146694,NO FAX,Yes,NO SPKK,NO STP,25/09/2025
346,A & S ENTERPRISE,G1,SABAH,SANDAKAN,016-9755706,-,Yes,Yes,Yes,09/11/2025
347,A & S JAYA RESOURCES,G3,PERAK,MANJUNG,01-75027737,NO FAX,Yes,Yes,Yes,31/10/2025
348,A & S JAYA SDN. BHD.,G5,PAHANG,TEMERLOH,092961123,092961123,Yes,NO SPKK,NO STP,16/11/2025
349,A & S MERDU ENTERPRISE,G1,PAHANG,RAUB,0,NO FAX,Yes,Yes,Yes,10/10/2024
350,A & S UTARA NIAGA,G1,PERLIS,PERLIS,01-75508958,NO FAX,Yes,Yes,Yes,28/07/2026
351,A & S ZAMRUD ENTERPRISE,G1,PAHANG,PEKAN,01-07653114,NO FAX,Yes,Yes,Yes,31/01/2026
352,A & T CREATIVE HOME SDN. BHD.,G4,WILAYAH PERSEKUTUAN KUALA LUMPUR,KUALA LUMPUR,03-91075352,03-91023588,Yes,NO SPKK,NO STP,22/06/2024
353,A & T INDUSTRIES ENTERPRISE,G3,JOHOR,JOHOR BAHRU,01-67739181,NO FAX,Yes,NO SPKK,NO STP,04/01/2025
354,A & T MAJU VENTURES ENTERPRISE,G1,NEGERI SEMBILAN,TAMPIN,01-93667952,NO FAX,Yes,Yes,Yes,16/11/2026
355,A & T NIAGA,G3,JOHOR,JOHOR BAHRU,07-2173479,NO FAX,Yes,Yes,Yes,01/12/2025
356,A & TT  SDN. BHD.,G7,SARAWAK,SIBU,084-313303,084-256913,Yes,NO SPKK,NO STP,20/10/2025
357,A & V ENTERPRISE,G2,SABAH,Ranau,0168812284,-,Yes,NO SPKK,NO STP,12/05/2025
358,A & W MAJU BINA ENTERPRISE,G1,PAHANG,MARAN,01-79553017,NO FAX,Yes,Yes,Yes,29/01/2026
359,A & Y ENTERPRISE,G1,SARAWAK,LIMBANG,019-3278797,085-216770,Yes,Yes,NO STP,13/03/2024
360,A & Y JAYA ENTERPRISE,G1,PAHANG,ROMPIN,01119360265,NO FAX,Yes,Yes,Yes,13/10/2024
361,A & Z BERJAYA ENTERPRISE,G3,SELANGOR,PETALING,01-26943142,NO FAX,Yes,NO SPKK,NO STP,01/06/2024
362,A & Z BINA ENTERPRISE,G1,NEGERI SEMBILAN,SEREMBAN,066013031,066016961,Yes,Yes,Yes,06/08/2025
363,A & Z ENGINEERING RESOURCES,G1,KELANTAN,KOTA BHARU,01-99217716,NO FAX,Yes,Yes,Yes,18/07/2024
364,A & Z NORAZLINA ENTERPRISE,G3,WILAYAH PERSEKUTUAN KUALA LUMPUR,KUALA LUMPUR,016-6676725,NO FAX,Yes,NO SPKK,NO STP,18/12/2024
365,A & Z NURI ENTERPRISE,G1,SELANGOR,HULU SELANGOR,0192090012,-,Yes,Yes,Yes,24/06/2024
366,A & Z TUAH ENTERPRISE,G3,JOHOR,KLUANG,069776200,-,Yes,Yes,Yes,12/01/2026
367,A 2 ILHAM BIRU ENTERPRISE,G1,KEDAH,BANDAR BAHARU,04-5931608,NO FAX,Yes,Yes,Yes,20/03/2024
368,A 2 ME ENTERPRISE,G1,PAHANG,ROMPIN,09-,NO FAX,Yes,Yes,NO STP,06/09/2025
369,A 2 Z MEGA BINA ENTERPRISE,G1,KEDAH,KUALA MUDA,01-08836576,NO FAX,Yes,NO SPKK,NO STP,02/10/2024
370,A A D TRADING,G1,SELANGOR,PETALING,03-77347282,03-77347282,Yes,NO SPKK,NO STP,08/01/2025
371,A A DUA ENTERPRISE,G1,PERAK,BATANG PADANG,054017017,054017017,Yes,Yes,Yes,23/05/2024
372,A A ENTERPRISE,G2,SELANGOR,PETALING,01-22926378,NO FAX,Yes,NO SPKK,NO STP,07/12/2023
373,A A JAYA TRADING,G1,TERENGGANU,KUALA TERENGGANU,096151817,-,Yes,Yes,Yes,14/08/2024
374,A ADEENA ENTERPRISE,G1,SARAWAK,Lawas,0,NO FAX,Yes,NO SPKK,NO STP,26/12/2023
375,A AFIFUDIN LEGACY,G2,KEDAH,KULIM,01161678189,NO FAX,Yes,Yes,NO STP,04/09/2025
376,A AJIEB ENTERPRISE,G2,JOHOR,MUAR,0182997601,-,Yes,Yes,Yes,07/03/2024
377,A AMIN ENTERPRISE,G1,NEGERI SEMBILAN,REMBAU,01-78894900,NO FAX,Yes,Yes,Yes,20/02/2024
378,A AND A GLOBAL SERVICE,G1,JOHOR,MUAR,01-46151763,NO FAX,Yes,Yes,Yes,13/03/2025
379,A and L CONSTRUCTION,G1,SARAWAK,Serian,016-8275325,NO FAX,Yes,NO SPKK,NO STP,28/03/2024
380,A AND R PENGADANG JAYA ENTERPRISE,G1,TERENGGANU,KUALA TERENGGANU,0199855932,-,Yes,Yes,Yes,12/01/2024
381,A AND SMART SOLUTIONS,G2,PERAK,KINTA,01-75905768,01-75905768,Yes,Yes,NO STP,02/08/2025
382,A' AR - REZEQI TRADING,G1,SABAH,Kota Belud,016-8434114,NO FAX,Yes,Yes,Yes,16/11/2024
383,A AVENUE SDN. BHD.,G3,SELANGOR,PETALING,0380684986,NO FAX,Yes,NO SPKK,NO STP,02/06/2026
384,A AZMANI ENTERPRISE,G1,TERENGGANU,BESUT,09-6091880,NO FAX,Yes,Yes,Yes,01/12/2023
385,A B HIDAYAT SERVICES TRADING,G1,PULAU PINANG,BARAT DAYA,01155577949,NO FAX,Yes,Yes,Yes,22/03/2024
386,A BAKAR JAYA ENTERPRISE,G1,TERENGGANU,KEMAMAN,01-99257001,0,Yes,Yes,Yes,26/10/2024
387,A BUILDERS CONSTRUCTION,G3,PULAU PINANG,TIMUR LAUT,046587196,046442661,Yes,NO SPKK,NO STP,28/07/2024
388,A BUILDERS PROJECT MANAGEMENT SDN. BHD.,G4,PULAU PINANG,TIMUR LAUT,0,NO FAX,Yes,NO SPKK,NO STP,07/08/2026
389,A BUILDING MANAGEMENT & CONSTRUCTION,G3,WILAYAH PERSEKUTUAN KUALA LUMPUR,,0328560444,0328589644,Yes,Yes,Yes,02/12/2023
390,A C U TRADING,G2,NEGERI SEMBILAN,SEREMBAN,06-7644444,NO FAX,Yes,Yes,Yes,03/01/2026
391,A CHONG LEE CONSTRUCTION,G2,PERAK,KINTA,-,-,Yes,NO SPKK,NO STP,22/08/2024
392,A CLASS NEON SIGN SDN. BHD.,G5,NEGERI SEMBILAN,SEREMBAN,067971451,067971450,Yes,NO SPKK,NO STP,25/09/2025
393,A D A HARAPAN ENTERPRISE,G2,TERENGGANU,MARANG,01-39628226,-,Yes,Yes,Yes,04/03/2024
394,A D A SEMARAK ENTERPRISE,G2,PERAK,"LARUT, MATANG DAN SELAMA",0175190062,-,Yes,Yes,Yes,09/07/2024
395,A D C ENGINEERING SERVICES SDN. BHD.,G5,SELANGOR,PETALING,0351247818,0351247819,Yes,NO SPKK,NO STP,20/04/2026
396,A D PESONA ENTERPRISE,G1,NEGERI SEMBILAN,JEMPOL,064549588,064549588,Yes,Yes,Yes,26/08/2024
397,A D Y MASS ENTERPRISE,G2,SELANGOR,PETALING,0166667442,-,Yes,Yes,Yes,27/06/2025
398,A DOUBLE PLUS ENTERPRISE,G2,PAHANG,PEKAN,0148163183,-,Yes,Yes,Yes,30/04/2025
399,A E I GENERATION ENTERPRISE,G2,SELANGOR,KUALA SELANGOR,-,-,Yes,Yes,Yes,31/10/2024
400,A ELEVATION SDN. BHD.,G2,KELANTAN,KOTA BHARU,01-72220677,NO FAX,Yes,Yes,Yes,26/07/2024
401,A EN ENTERPRISE,G1,JOHOR,JOHOR BAHRU,01-27297173,NO FAX,Yes,Yes,Yes,23/12/2023
402,A ENERGY ENTERPRISE,G1,KELANTAN,JELI,01-02961237,NO FAX,Yes,Yes,Yes,25/02/2024
403,A F. LEGASI CONSTRUCTION,G1,JOHOR,BATU PAHAT,0,NO FAX,Yes,Yes,Yes,12/07/2026
404,A FAMILY ENTERPRISE,G1,WILAYAH PERSEKUTUAN LABUAN,LABUAN,01-46569396,0,Yes,Yes,Yes,27/04/2024
405,A FIESHA ENTERPRISE,G2,PERAK,KINTA,05-3122020,05-3122299,Yes,Yes,Yes,01/10/2025
406,A FIKRI ENTERPRISE,G1,KELANTAN,KOTA BHARU,0139091603,NO FAX,Yes,Yes,Yes,19/10/2025
407,A FIVE ENGINEERING  SDN. BHD.,G5,WILAYAH PERSEKUTUAN KUALA LUMPUR,,01157527496,NO FAX,Yes,NO SPKK,NO STP,28/09/2025
408,A FOURTY TWO ENTERPRISE,G1,TERENGGANU,BESUT,09-6902752,09-6902752,Yes,Yes,Yes,02/11/2025
409,A GENERATION,G2,SABAH,Kota Kinabalu,016-8205972,NO FAX,Yes,NO SPKK,NO STP,19/05/2024
410,A GHANI ENTERPRISE,G1,PAHANG,JERANTUT,092661263,092661263,Yes,Yes,Yes,22/02/2025
411,A GLASS SDN. BHD.,G5,SELANGOR,KLANG,0351671398,03-51671193,Yes,NO SPKK,NO STP,15/09/2024
412,A GLOBAL,G1,SABAH,Kota Kinabalu,088-214232,NO FAX,Yes,NO SPKK,NO STP,09/05/2026
413,A H BINA RESOURCES,G2,PERAK,MANJUNG,0173946207,056888515,Yes,Yes,Yes,20/12/2023
414,A H T (NORLAN UNITED) & CARRIAGE SDN. BHD.,G7,TERENGGANU,KUALA TERENGGANU,09-6226518,09-6221530,Yes,Yes,Yes,11/02/2026
415,A HOUSE CONSTRUCTION & PILING,G3,SELANGOR,KLANG,0351613369,0351613369,Yes,NO SPKK,NO STP,18/11/2025
416,A I TECHNIC (M) SDN. BHD.,G4,WILAYAH PERSEKUTUAN KUALA LUMPUR,KUALA LUMPUR,01-66587404,NO FAX,Yes,NO SPKK,NO STP,20/09/2025
417,A INTERIOR DESIGN,G1,WILAYAH PERSEKUTUAN KUALA LUMPUR,KUALA LUMPUR,01-86611182,NO FAX,Yes,NO SPKK,NO STP,12/05/2024
418,A J BAHAGIA ENTERPRISE,G1,PULAU PINANG,TIMOR LAUT,0124420749,-,Yes,Yes,Yes,06/10/2024
419,A J ENTERPRISE,G1,SARAWAK,PAKAN,019-8798059,0,Yes,Yes,NO STP,05/04/2025
420,A JAHID ENTERPRISE,G1,PERAK,KINTA,0125700887,052531855,Yes,Yes,Yes,04/10/2025
421,A JAY ENTERPRISE,G1,SARAWAK,Lubok Antu,014-2859734,NO FAX,Yes,NO SPKK,NO STP,04/07/2025
422,A KV ENTERPRISE,G2,SELANGOR,PETALING,01-64517643,NO FAX,Yes,NO SPKK,NO STP,17/08/2025
423,A L GOH CONSTRUCTION,G3,MELAKA,MELAKA TENGAH,063121493,-,Yes,NO SPKK,NO STP,20/04/2026
424,A LATIF BINA,G1,WILAYAH PERSEKUTUAN KUALA LUMPUR,KUALA LUMPUR,0342949380,-,Yes,Yes,Yes,29/09/2024
425,A LYN ENTERPRISE,G2,JOHOR,KOTA TINGGI,0137861555,0,Yes,Yes,Yes,03/01/2026
426,A M BINA KONTRAKTOR,G1,PERAK,KINTA,01-05474663,NO FAX,Yes,Yes,Yes,16/05/2024
427,A M BROTHERS CONSTRUCTION SDN. BHD.,G5,SELANGOR,PETALING,0,NO FAX,Yes,NO SPKK,NO STP,02/03/2025
428,A M I ENGINEERING & ENTERPRISE,G1,PAHANG,KUANTAN,019-3845052,-,Yes,Yes,Yes,17/07/2026
429,A M SINAR GLOBAL SDN. BHD.,G5,SELANGOR,Hulu Langat,03-92005526,NO FAX,Yes,NO SPKK,NO STP,08/04/2026
430,A MAN CONSTRUCTION,G1,PERAK,KUALA KANGSAR,0165587806,-,Yes,Yes,Yes,02/02/2024
431,A MAZING ENTERPRISE,G1,NEGERI SEMBILAN,SEREMBAN,01-36473781,NO FAX,Yes,Yes,Yes,09/10/2025
432,A MECH CONSTRUCTION SDN. BHD.,G4,SARAWAK,BINTULU,01-09875556,NO FAX,Yes,NO SPKK,NO STP,10/10/2024
433,A MURNY ENTERPRISE,G1,TERENGGANU,HULU TERENGGANU,01-39200077,09-6227101,Yes,Yes,Yes,06/05/2024
434,A N A UTARA ENTERPRISE,G2,KEDAH,KOTA SETAR,0174069833,NO FAX,Yes,Yes,Yes,19/05/2025
435,A N D ENGINEERING & TRADING,G1,PAHANG,KUANTAN,Ni-l,Ni-l,Yes,NO SPKK,NO STP,11/09/2025
436,A N E CONSTRUCTION SDN. BHD.,G2,PERAK,MANJUNG,056721540,056721540,Yes,Yes,Yes,21/09/2024
437,A N E ENTERPRISE,G1,KELANTAN,KOTA BHARU,09-7741761,-,Yes,Yes,Yes,25/09/2025
438,A N GOLDEN SDN. BHD.,G5,WILAYAH PERSEKUTUAN KUALA LUMPUR,,03-26984174,03-03-26913376,Yes,NO SPKK,NO STP,09/01/2024
439,A N I GEMILANG TRADING & CONSTRUCTION,G1,MELAKA,ALOR GAJAH,0122077773,-,Yes,Yes,Yes,02/09/2024
440,A N J EMPIRE,G1,SELANGOR,KUALA LANGAT,01-16995233,NO FAX,Yes,Yes,Yes,09/01/2024
441,A N PRO ENTERPRISE,G1,NEGERI SEMBILAN,SEREMBAN,067629564,067676403,Yes,Yes,Yes,24/09/2024
442,A NAJIB ENTERPRISE,G1,JOHOR,PONTIAN,0197703159,076878812,Yes,Yes,Yes,17/04/2026
443,A NET INTEGRATED SDN. BHD.,G5,SELANGOR,PETALING,016-3086729,NO FAX,Yes,NO SPKK,NO STP,22/06/2024
444,A NOR ENTERPRISE,G1,NEGERI SEMBILAN,SEREMBAN,01-33904960,-,Yes,Yes,Yes,21/03/2025
445,A ONE ACCESS,G2,MELAKA,MELAKA TENGAH,062837523,062837526,Yes,Yes,Yes,20/03/2024
446,A ONE ADVERTISING SDN. BHD.,G3,SELANGOR,KLANG,0,0,Yes,NO SPKK,NO STP,10/05/2025
447,A ONE MULTI RESOURCES SDN. BHD.,G5,SELANGOR,KLANG,0,NO FAX,Yes,NO SPKK,NO STP,11/09/2025
448,A ONE PILING SDN. BHD.,G7,SELANGOR,KLANG,0,NO FAX,Yes,NO SPKK,NO STP,23/03/2026
449,A ONE PRO CONSTRUCTION,G3,SELANGOR,GOMBAK,0361859482,0361883248,Yes,Yes,Yes,23/08/2024
450,A ONE RESOURCES,G1,KELANTAN,GUA MUSANG,0139257630,NO FAX,Yes,Yes,Yes,06/06/2024
451,A ONE TEKNIK ENTERPRISE ,G2,KEDAH,PENDANG,04-7143055,04-7143055,Yes,Yes,Yes,26/02/2025
452,A PIT SERVICES,G1,KEDAH,KUBANG PASU,01-84668990,NO FAX,Yes,Yes,Yes,01/11/2024
453,A PLUS CLEAN SDN. BHD.,G5,WILAYAH PERSEKUTUAN KUALA LUMPUR,KUALA LUMPUR,03-42921868,03-42872100,Yes,Yes,Yes,03/09/2025
454,A PLUS DT GROUP SDN. BHD.,G3,JOHOR,JOHOR BAHRU,07-2179003,NO FAX,Yes,Yes,Yes,26/12/2025
455,A PLUS ENTERPRISE,G1,SABAH,KOTA MARUDU,019-8729601,00,Yes,NO SPKK,NO STP,14/12/2024
456,A PLUS PLUS VENTURES,G1,PERAK,KINTA,0,0,Yes,Yes,Yes,06/01/2026
457,A POINT ELECTRICAL ENGINEERING,G5,SELANGOR,PETALING,0,NO FAX,Yes,NO SPKK,NO STP,15/09/2026
458,A PROJECT,G1,SABAH,TAWAU,016-8316503,016-8316503,Yes,NO SPKK,NO STP,05/10/2024
459,A PROJECT SDN. BHD.,G4,SELANGOR,,03-78876239,NO FAX,Yes,Yes,NO STP,13/07/2025
460,A QAIYUNN ENTERPRISE,G2,MELAKA,ALOR GAJAH,0126220471,-,Yes,Yes,Yes,22/01/2026
461,A QUALITY VENTURES,G1,TERENGGANU,BESUT,01-48059261,NO FAX,Yes,Yes,Yes,16/04/2026
462,A R RAMIZAH ENTERPRISE,G3,SELANGOR,KLANG,01-11224128,NO FAX,Yes,NO SPKK,NO STP,20/06/2024
463,A RAFAIE ENTERPRISE,G1,PERAK,"LARUT, MATANG DAN SELAMA",01-77533450,NO FAX,Yes,Yes,Yes,03/04/2024
464,A RAMLEE RESOURCES,G2,SELANGOR,SABAK BERNAM,0126185338,0126185338,Yes,Yes,Yes,16/12/2025
465,A RAYYAN ENTERPRISE,G1,JOHOR,TANGKAK,0136890986,NO FAX,Yes,Yes,Yes,27/01/2026
466,A RIFQI ENTERPRISE,G1,PERAK,"LARUT, MATANG DAN SELAMA",01110806039,NO FAX,Yes,Yes,Yes,16/10/2024
467,A S AISY ENTERPRISE ,G1,NEGERI SEMBILAN,SEREMBAN,01-79100780,NO FAX,Yes,Yes,Yes,03/07/2025
468,A S M VENTURES,G3,SELANGOR,SEPANG,0383209535,-,Yes,Yes,Yes,15/05/2026
469,A SAMM LEGACY,G1,NEGERI SEMBILAN,,03-87417488,NO FAX,Yes,Yes,Yes,22/01/2024
470,A SEVEN D ENTERPRISE,G1,JOHOR,JOHOR BAHRU,07-6994163,NO FAX,Yes,NO SPKK,NO STP,18/10/2025
471,A SIX LEGACY ENTERPRISE,G1,KEDAH,KULIM,01-75008805,NO FAX,Yes,Yes,Yes,14/04/2024
472,A SYA ENTERPRISE,G2,PAHANG,TEMERLOH,019-2858009,0,Yes,Yes,Yes,30/03/2026
473,A T TRANSCONST SDN. BHD.,G3,JOHOR,MUAR,069866817,069866061,Yes,NO SPKK,NO STP,01/08/2024
474,A T Z ENGINEERING,G1,SELANGOR,PETALING,0383184133,0383184945,Yes,Yes,Yes,24/03/2025
475,A TEAM EMPIRE,G1,PERAK,MANJUNG,01-22074578,NO FAX,Yes,Yes,Yes,15/03/2026
476,A TECH ATLANTIS SDN. BHD.,G7,PERAK,KINTA,05-2559993,05-2536116,Yes,NO SPKK,NO STP,30/05/2025
477,A TERRATECH SOLUTION SDN. BHD.,G3,SARAWAK,KUCHING,01-28717198,NO FAX,Yes,NO SPKK,NO STP,04/10/2024
478,A TO R TRADING,G1,WILAYAH PERSEKUTUAN KUALA LUMPUR,KUALA LUMPUR,01-93881259,NO FAX,Yes,Yes,Yes,15/12/2025
479,A TO Z CONSTRUCTION SERVICE SDN. BHD.,G5,SELANGOR,,014-3255433,NO FAX,Yes,NO SPKK,NO STP,16/06/2025
480,A TO Z GENERAL ENTERPRISE,G1,SARAWAK,LIMBANG,010-7649978,NO FAX,Yes,NO SPKK,NO STP,28/06/2026
481,A TOO Z BINA ENTERPRISE,G1,WILAYAH PERSEKUTUAN KUALA LUMPUR,KUALA LUMPUR,0192314699,NO FAX,Yes,Yes,Yes,07/01/2026
482,A TREE RESOURCES,G1,KEDAH,KUALA MUDA,01-95663810,NO FAX,Yes,NO SPKK,NO STP,05/09/2025
483,A TREND DESIGN & RENOVATION,G3,SABAH,Kota Kinabalu,088-395295,NO FAX,Yes,NO SPKK,NO STP,07/02/2024
484,A TUNE ENTERPRISE,G1,PERAK,MANJUNG,01-74273256,-,Yes,Yes,Yes,09/12/2023
485,A TWO HUNDRED ENTERPRISE,G1,SELANGOR,GOMBAK,0123293347,-,Yes,Yes,Yes,18/12/2023
486,A TWO Z VENTURES,G1,MELAKA,MELAKA TENGAH,01-46396831,NO FAX,Yes,Yes,NO STP,18/09/2025
487,A U JAYAMAS SDN. BHD.,G3,SARAWAK,MIRI,085431433,085431433,Yes,Yes,Yes,31/05/2026
488,A W ENTERPRISE,G3,SARAWAK,KAPIT,019-7441173,0,Yes,NO SPKK,NO STP,20/07/2026
489,A W J CEKAL ENTERPRISE,G1,MELAKA,MELAKA TENGAH,062686752,-,Yes,Yes,Yes,22/11/2024
490,A WANG ENTERPRISE,G1,PERAK,MANJUNG,056881900,056881900,Yes,Yes,Yes,01/02/2026
491,A Z MAJU ENTERPRISE,G3,PAHANG,ROMPIN,01-39469169,09-4146939,Yes,Yes,Yes,24/01/2026
492,A Z PROACTIVE ENTERPRISE,G2,SELANGOR,KUALA SELANGOR,0,0,Yes,Yes,Yes,02/06/2026
493,A Z R JITU ENTERPRISE,G1,PERLIS,PERLIS,01-64333680,NO FAX,Yes,Yes,Yes,16/10/2025
494,A Z RESOURCES,G1,PAHANG,KUANTAN,01-39807070,NO FAX,Yes,Yes,Yes,19/05/2024
495,A Z SIGNS MARKETING SDN. BHD.,G5,SELANGOR,,0361516888,0361511988,Yes,NO SPKK,NO STP,10/03/2025
496,A ZACK ENGINEERING & CONSTRUCTION,G1,JOHOR,JOHOR BAHRU,07-5281996,-,Yes,Yes,Yes,10/11/2024
497,A ZAINAL ENTERPRISE,G1,PAHANG,ROMPIN,0199028987,-,Yes,Yes,Yes,18/02/2025
498,A ZAMZURIE TRADING,G1,KELANTAN,KOTA BHARU,01-94568910,NO FAX,Yes,Yes,Yes,12/09/2024
499,A&A 57 SDN. BHD.,G2,SARAWAK,KUCHING,0143975446,NO FAX,Yes,NO SPKK,NO STP,01/03/2025
500,A&A 76 ENTERPRISE,G1,TERENGGANU,DUNGUN,01-99499328,NO FAX,Yes,Yes,Yes,05/12/2023
501,A&A 91 ENTERPRISE,G1,NEGERI SEMBILAN,JEMPOL,01-96195284,NO FAX,Yes,Yes,Yes,29/08/2026
502,A&A ADVANCE SDN. BHD.,G2,SELANGOR,,01-73809115,0,Yes,NO SPKK,NO STP,15/10/2025
503,A&A AIRCOND & ELECTRICAL SERVICES,G1,PAHANG,KUANTAN,01-79285067,NO FAX,Yes,Yes,Yes,21/04/2025
504,A&A AZAHAR ENTERPRISE,G1,SELANGOR,HULU SELANGOR,01115850430,NO FAX,Yes,Yes,Yes,14/05/2025
505,A&A BINA NIAGA,G1,NEGERI SEMBILAN,SEREMBAN,01-96628976,NO FAX,Yes,Yes,Yes,30/10/2026
506,A&A BINAJAYA TRADING,G1,TERENGGANU,KUALA TERENGGANU,01118878625,NO FAX,Yes,Yes,Yes,16/03/2025
507,A&A CONSTRUCTION EMPIRE,G1,TERENGGANU,KUALA TERENGGANU,01-79135165,NO FAX,Yes,Yes,Yes,06/09/2025
508,A&A CORPORATE SOLUTION,G1,PERLIS,PERLIS,01-25452201,NO FAX,Yes,Yes,NO STP,10/11/2024
509,A&A CREATIVE IDEAS SDN. BHD.,G3,SELANGOR,,0361777759,0361786759,Yes,NO SPKK,NO STP,10/02/2025
510,A&A FUTURE EMPIRE,G1,KEDAH,KULIM,019-8383872,019-8383872,Yes,Yes,Yes,23/03/2025
511,A&A GLOBAL RESOURCES,G1,TERENGGANU,DUNGUN,01123005085,0,Yes,Yes,Yes,06/02/2026
512,A&A HAFIZ ELECTRICAL ENTERPRISE,G1,MELAKA,MELAKA TENGAH,018-2189068,NO FAX,Yes,NO SPKK,NO STP,11/06/2025
513,A&A INNOVATIVE LEGACY ENTERPRISE,G1,NEGERI SEMBILAN,SEREMBAN,01116560339,0,Yes,NO SPKK,NO STP,09/08/2024
514,A&A INTEGRATED ENTERPRISE,G1,TERENGGANU,DUNGUN,09-8444766,NO FAX,Yes,Yes,Yes,22/01/2025
515,A&A JAGAT EMPIRE ENTERPRISE,G1,KEDAH,SIK,01-32024201,01-32024201,Yes,Yes,Yes,21/06/2024
516,A&A JUNIOR ENTERPRISE,G1,JOHOR,JOHOR BAHRU,0,NO FAX,Yes,Yes,Yes,16/10/2026
517,A&A KETURUNAN ENTERPRISE,G1,KEDAH,KUALA MUDA,01-84717083,NO FAX,Yes,Yes,Yes,16/03/2024
518,A&A LEGACY,G1,PERLIS,PERLIS,01-95556389,NO FAX,Yes,Yes,Yes,16/01/2026
519,A&A MACHINERY ENTERPRISE,G2,SELANGOR,Hulu Langat,03-61086719,NO FAX,Yes,NO SPKK,NO STP,20/07/2025
520,A&A MEGAH  SDN. BHD.,G5,PAHANG,KUANTAN,09-5342410,NO FAX,Yes,Yes,Yes,18/07/2024
521,A&A MEWAH NIAGA,G1,JOHOR,SEGAMAT,07-9456401,NO FAX,Yes,Yes,Yes,17/09/2025
522,A&A MOSWEN ENTERPRISE,G1,PAHANG,RAUB,01-28774492,01-28774492,Yes,Yes,Yes,05/01/2026
523,A&A PRISMATIK ENTERPRISE,G2,SELANGOR,KUALA SELANGOR,01-76291929,NO FAX,Yes,Yes,Yes,18/11/2025
524,A&A SHOPPE ENTERPRISE,G1,PERLIS,PERLIS,01-77987759,NO FAX,Yes,Yes,Yes,21/03/2024
525,A&A SMART CONCEPTS ENTERPRISE,G3,JOHOR,KULAIJAYA,01-43898708,NO FAX,Yes,Yes,Yes,03/06/2026
526,A&A SYUKRAN CONSTRUCTION SDN. BHD.,G5,WILAYAH PERSEKUTUAN KUALA LUMPUR,,01-07070265,NO FAX,Yes,NO SPKK,NO STP,04/05/2025
527,A&A VICTORIAN VENTURES,G2,WILAYAH PERSEKUTUAN LABUAN,LABUAN,01-28608522,NO FAX,Yes,Yes,Yes,24/06/2025
528,A&A WOODWORKS ENTERPRISE,G1,PERLIS,PERLIS,01-24432422,NO FAX,Yes,Yes,Yes,20/03/2024
529,A&B JAYA ENTERPRISE,G1,SELANGOR,Hulu Langat,01-25629910,NO FAX,Yes,Yes,Yes,27/04/2024
530,A&D ALFALAH ENTERPRISE,G1,JOHOR,KLUANG,07-16069429,01-76069429,Yes,Yes,Yes,18/07/2026
531,A&D TERAJU CONSTRUCTION,G1,MELAKA,MELAKA TENGAH,01-82897063,NO FAX,Yes,NO SPKK,NO STP,04/05/2025
532,A&E JAYA ENTERPRISE,G1,SABAH,PENAMPANG,012-3344457,NO FAX,Yes,NO SPKK,NO STP,04/04/2025
533,A&E STEEL SOLUTIONS  SDN. BHD.,G4,PULAU PINANG,SEBERANG PRAI UTARA,0,NO FAX,Yes,NO SPKK,NO STP,28/02/2026
534,A&E STRUCTURE STEEL SDN. BHD.,G3,SELANGOR,,03-55251885,-,Yes,NO SPKK,NO STP,27/06/2026
535,A&F BUSINESS TRADING,G2,PAHANG,LIPIS,01-66630789,NO FAX,Yes,Yes,NO STP,03/08/2024
536,A&F ENGINEERING ENTERPRISE,G2,PAHANG,TEMERLOH,00-,00-,Yes,Yes,Yes,08/07/2026
537,A&F ILLAHI ENTERPRISE,G1,TERENGGANU,MARANG,01111928304,NO FAX,Yes,Yes,Yes,15/01/2026
538,A&F MUTIARA GLOBAL,G1,KELANTAN,TANAH MERAH,01-11999433,NO FAX,Yes,Yes,Yes,21/11/2025
539,A&F MUTIARA IMPIAN ENTERPRISE,G1,PULAU PINANG,TIMOR LAUT,01-75547994,NO FAX,Yes,Yes,Yes,26/06/2024
540,A&F SINAR ENTERPRISE,G1,MELAKA,ALOR GAJAH,01-46801224,NO FAX,Yes,Yes,Yes,22/03/2024
541,A&F SYNERGY SOLUTION,G1,KELANTAN,KUALA KRAI,012-5276157,NO FAX,Yes,Yes,Yes,05/01/2026
542,A&F TEGUH SETIA ENTERPRISE,G1,MELAKA,ALOR GAJAH,0142377546,0,Yes,Yes,Yes,17/08/2024
543,A&F VENTURE,G2,SELANGOR,KLANG,01-02323780,NO FAX,Yes,NO SPKK,NO STP,17/02/2024
544,A&G ELECTRICAL ENGINEERING WORKS,G1,SARAWAK,MIRI,013-9800019,NO FAX,Yes,NO SPKK,NO STP,12/04/2024
545,A&G SOLUTIONS TECHNOLOGY SDN. BHD.,G5,JOHOR,JOHOR BAHRU,07-3645885,07-3645588,Yes,Yes,Yes,08/03/2024
546,A&H BERKAT ENTERPRISE,G1,MELAKA,JASIN,0,0,Yes,Yes,Yes,21/12/2025
547,A&H BINA ENTERPRISE,G1,KEDAH,KOTA SETAR,---,NO FAX,Yes,Yes,Yes,25/10/2026
548,A&H CONSTRUCTION ENTERPRISE,G2,KEDAH,LANGKAWI,11-16599711,NO FAX,Yes,NO SPKK,NO STP,21/03/2024
549,A&H ENTERPRISE,G2,SABAH,SANDAKAN,012-2819396,0,Yes,Yes,Yes,18/12/2024
550,A&H KPK ENTERPRISE,G5,JOHOR,JOHOR BAHRU,0,NO FAX,Yes,NO SPKK,NO STP,12/06/2025
551,A&H LIGAT ENTERPRISE,G1,PAHANG,BERA,01-83633983,NO FAX,Yes,Yes,Yes,09/01/2025
552,A&H SUCCESS ENTERPRISE,G1,KEDAH,LANGKAWI,01-99872565,NO FAX,Yes,Yes,Yes,06/04/2024
553,A&H TEGUH TRADING,G1,PAHANG,TEMERLOH,09-2701354,NO FAX,Yes,Yes,Yes,06/02/2027
554,A&H UNITED RESOURCES,G1,TERENGGANU,MARANG,01-45158715,NO FAX,Yes,Yes,Yes,15/03/2026
555,A&I SINARAN BAKTI ENTERPRISE,G1,KELANTAN,TUMPAT,0169320489,NO FAX,Yes,Yes,Yes,07/08/2026
556,A&I VISION ENTERPRISE,G1,PAHANG,JERANTUT,01-02124544,NO FAX,Yes,Yes,NO STP,21/08/2024
557,A&K BINA ENGINEERING,G1,WILAYAH PERSEKUTUAN KUALA LUMPUR,KUALA LUMPUR,03-91082082,03-91082082,Yes,Yes,Yes,04/01/2026
558,A&K TECHNOLOGY SOLUTION,G1,SELANGOR,HULU SELANGOR,0133126125,NO FAX,Yes,Yes,Yes,21/05/2025
559,A&K VISION CONSTRUCTION,G1,SABAH,SANDAKAN,013-2825537,NO FAX,Yes,NO SPKK,NO STP,05/09/2024
560,A&L ENERGY TRADING,G1,TERENGGANU,HULU TERENGGANU,01-79303946,NO FAX,Yes,Yes,Yes,28/09/2025
561,A&M 86 ENTERPRISE,G1,PULAU PINANG,SEBERANG PERAI SELATAN,01-35803846,NO FAX,Yes,Yes,Yes,12/01/2026
562,A&M EXCELLENT ENTERPRISE,G3,NEGERI SEMBILAN,PORT DICKSON,01-92556698,NO FAX,Yes,NO SPKK,NO STP,04/09/2025
563,A&M MAJU GLOBAL ENTERPRISE,G1,SELANGOR,GOMBAK,01110204256,NO FAX,Yes,Yes,Yes,07/08/2025
564,A&M TRADE RESOURCES,G1,PERAK,HILIR PERAK,01-45861024,NO FAX,Yes,Yes,Yes,06/01/2024
565,A&M UTARA RESOURCES,G1,KEDAH,LANGKAWI,01-38358072,NO FAX,Yes,Yes,NO STP,26/09/2025
566,A&N DEVELOPMENT,G1,NEGERI SEMBILAN,TAMPIN,01-65273437,NO FAX,Yes,Yes,Yes,01/03/2025
567,A&N ENTERPRISE,G1,SABAH,LAHAD DATU,013-8464945,NO FAX,Yes,NO SPKK,NO STP,11/07/2025
568,A&N JAYA VENTURE,G3,JOHOR,JOHOR BAHRU,0--,NO FAX,Yes,NO SPKK,NO STP,22/06/2025
569,A&N SONS RESOURCES,G1,KELANTAN,PASIR MAS,09-7901689,NO FAX,Yes,Yes,Yes,12/06/2025
570,A&R BERJAYA,G1,SABAH,SANDAKAN,019-8723204,NO FAX,Yes,NO SPKK,NO STP,16/03/2024
571,A&R CONSTRUCTION ENTERPRISE,G1,KEDAH,BANDAR BAHARU,01-72452281,NO FAX,Yes,Yes,Yes,09/11/2026
572,A&R ENTREPRENEUR RESOURCES  SDN. BHD.,G5,SELANGOR,,016-6676725,NO FAX,Yes,NO SPKK,NO STP,31/07/2025
573,A&R POWER SYSTEMS SDN. BHD.,G4,SELANGOR,SEPANG,0387052361,0387052361,Yes,Yes,Yes,09/07/2025
574,A&S 97 RESOURCES,G1,TERENGGANU,BESUT,01-12547762,NO FAX,Yes,Yes,Yes,12/04/2025
575,A&S BERKAT EMPIRE,G1,KELANTAN,KOTA BHARU,01-29842502,NO FAX,Yes,Yes,Yes,15/11/2026
576,A&S BINA RESOURCES,G2,WILAYAH PERSEKUTUAN KUALA LUMPUR,KUALA LUMPUR,0148111797,-,Yes,Yes,Yes,22/11/2026
577,A&S ENTERPRISE,G1,SABAH,KENINGAU,087-339905,087339905,Yes,NO SPKK,NO STP,23/02/2026
578,A&S GLOBAL RESOURCES,G1,PERAK,HILIR PERAK,01-33232045,NO FAX,Yes,Yes,Yes,25/10/2025
579,A&S INFINITI RESOURCES,G4,JOHOR,SEGAMAT,01-96532950,NO FAX,Yes,Yes,Yes,08/07/2026
580,A&S INFINITY VENTURE,G4,KEDAH,PENDANG,01-34662808,04-4701130,Yes,Yes,Yes,01/03/2026
581,A&S JV ENTERPRISE,G2,MELAKA,ALOR GAJAH,01-26844444,NO FAX,Yes,Yes,Yes,07/09/2024
582,A&S MAJU TRADING,G2,WILAYAH PERSEKUTUAN KUALA LUMPUR,,01-13386683,NO FAX,Yes,NO SPKK,NO STP,29/05/2025
583,A&S MEGAHPADU RESOURCES,G1,SELANGOR,GOMBAK,11-64365166,NO FAX,Yes,Yes,Yes,13/03/2024
584,A&S SUCCESS MANAGEMENT,G1,JOHOR,KLUANG,0,0,Yes,Yes,Yes,17/03/2026
585,A&S TEGUH JAYA ENTERPRISE,G1,PAHANG,CAMERON HIGHLANDS,0,NO FAX,Yes,Yes,Yes,13/03/2025
586,A&S UTAMA RESOURCES,G1,SARAWAK,SARIKEI,016-8645738,NO FAX,Yes,NO SPKK,NO STP,25/06/2024
587,A&S WAFRI ENTERPRISE,G1,KEDAH,LANGKAWI,0146446864,NO FAX,Yes,Yes,Yes,14/06/2026
588,A&T STEEL SOLUTIONS,G3,KELANTAN,GUA MUSANG,09-9122120,NO FAX,Yes,NO SPKK,NO STP,31/10/2024
589,A&T SUCCESS ENGINEERING SDN. BHD.,G1,SELANGOR,KLANG,01-94002673,-,Yes,NO SPKK,NO STP,27/08/2026
590,A&T VENTURE SDN. BHD.,G5,SELANGOR,,0,NO FAX,Yes,NO SPKK,NO STP,10/04/2025
591,A&U BUSINESS GROUPS  SDN. BHD.,G5,WILAYAH PERSEKUTUAN KUALA LUMPUR,KUALA LUMPUR,0,0,Yes,NO SPKK,NO STP,17/01/2025
592,A&Y BAHAGIA TRADING,G2,PAHANG,ROMPIN,01-42987706,-,Yes,Yes,Yes,22/01/2024
593,A&Y ENGINEERING,G1,SELANGOR,PETALING,0,NO FAX,Yes,Yes,Yes,25/06/2026
594,A&Y TECHNOLOGY (M) SDN. BHD.,G5,SELANGOR,KLANG,0163623906,-,Yes,NO SPKK,NO STP,18/10/2025
595,A&Y VENTURES,G1,PULAU PINANG,Seberang Perai Utara,04-5753220,NO FAX,Yes,Yes,Yes,26/12/2024
596,A&Z CAMERON ENTERPRISE,G1,PAHANG,CAMERON HIGHLANDS,0,NO FAX,Yes,Yes,Yes,05/12/2025
597,A&Z EMPIRE ENTERPRISE,G1,MELAKA,MELAKA TENGAH,01-36264302,NO FAX,Yes,Yes,Yes,13/03/2026
598,A&Z ENTERPRISE,G2,SABAH,SANDAKAN,018-9711240,-,Yes,Yes,Yes,06/11/2024
599,A&Z GLOBAL RESOURCES,G1,TERENGGANU,SETIU,09-6091880,NO FAX,Yes,Yes,NO STP,08/02/2024
600,A&Z INDAH TRADING,G1,JOHOR,MUAR,0196493131,NO FAX,Yes,Yes,Yes,08/11/2025
601,A&Z NORTH RICH TRADING,G1,KEDAH,KUALA MUDA,01-64475883,NO FAX,Yes,Yes,Yes,11/04/2025
602,A&Z NUR ENTERPRISE,G1,TERENGGANU,SETIU,01-32477658,NO FAX,Yes,Yes,Yes,11/01/2025
603,A&Z SMART TEGUH ENTERPRISE,G2,TERENGGANU,DUNGUN,019-9511723,NO FAX,Yes,NO SPKK,NO STP,12/10/2024
604,A&Z TRADING,G1,PERAK,PERAK TENGAH,01-95008815,NO FAX,Yes,Yes,Yes,29/05/2024
605,A. DEEY ENTERPRISE,G1,SABAH,Kota Kinabalu,013-8666645,NO FAX,Yes,Yes,Yes,20/05/2024
606,A. F ELECTRICAL,G1,SARAWAK,BETONG,014-5788016,NO FAX,Yes,Yes,NO STP,21/03/2024
607,A. K LAND SDN. BHD.,G2,KELANTAN,KOTA BHARU,097438686,097438585,Yes,NO SPKK,NO STP,16/02/2025
608,A. R ENTERPRISE,G1,SABAH,BEAUFORT,087213357,087211493,Yes,Yes,Yes,02/02/2026
609,A. R. N. ENTERPRISE,G1,SABAH,Ranau,019-5890001,-,Yes,Yes,Yes,18/01/2024
610,A. RAUP,G1,SABAH,Ranau,019-8130220,-,Yes,Yes,Yes,15/09/2025
611,A. XAVIER ENTERPRISE,G1,SABAH,KENINGAU,0135556868,087338150,Yes,NO SPKK,NO STP,03/07/2026
612,A.A & H ENTERPRISE,G1,PULAU PINANG,TIMUR LAUT,0134220790,-,Yes,Yes,Yes,12/07/2026
613,A.A BITARA RESOURCES,G1,NEGERI SEMBILAN,PORT DICKSON,01-72713766,NO FAX,Yes,Yes,Yes,06/07/2026
614,A.A CREATIVE ENTERPRISE,G1,MELAKA,JASIN,0,NO FAX,Yes,Yes,Yes,03/11/2025
615,A.A HAKIMI ENTERPRISE,G1,SARAWAK,LIMBANG,010-5267067,NO FAX,Yes,Yes,NO STP,20/12/2024
616,A.A KONTRAKTOR,G1,SABAH,Kota Kinabalu,0148682100,NO FAX,Yes,Yes,Yes,13/04/2025
617,A.A. PEST CONTROL AND SERVICE,G1,SELANGOR,Hulu Langat,01161335977,NO FAX,Yes,NO SPKK,NO STP,25/07/2025
618,A.A.A.O CONSTRUCTION,G1,SARAWAK,KUCHING,019-7144511,0,Yes,Yes,NO STP,30/05/2025
619,A.A.F. ENTERPRISE,G1,MELAKA,ALOR GAJAH,01-05196773,NO FAX,Yes,Yes,Yes,01/03/2024
620,A.A.I MAJU JAYA ENTERPRISE,G1,KEDAH,YAN,01-11455924,NO FAX,Yes,Yes,Yes,19/06/2026
621,A.A.JAYA ENTERPRISE,G1,PULAU PINANG,BARAT DAYA,048664058,-,Yes,Yes,Yes,11/03/2025
622,A.A.R RESOURCES,G1,PAHANG,PEKAN,01-05756439,NO FAX,Yes,Yes,Yes,15/03/2024
623,A.A.S.ENTERPRISE,G1,TERENGGANU,SETIU,01-29869865,096090760,Yes,Yes,Yes,29/05/2024
624,A.ANAS ENTERPRISE,G1,PULAU PINANG,TIMOR LAUT,01-74341667,NO FAX,Yes,NO SPKK,NO STP,15/10/2025
625,A.AZIZ ENTERPRISE,G1,NEGERI SEMBILAN,JELEBU,064914934,-,Yes,Yes,Yes,15/08/2024
626,A.B CUN ENTERPRISE,G1,SARAWAK,KUCHING,014-8806010,NO FAX,Yes,Yes,NO STP,11/11/2025
627,A.B ENTERPRISE,G1,SARAWAK,Serian,01114089144,NO FAX,Yes,NO SPKK,NO STP,13/12/2023
628,A.B. ABQHARI SDN. BHD.,G2,WILAYAH PERSEKUTUAN KUALA LUMPUR,KUALA LUMPUR,0390543002,03-90593525,Yes,Yes,Yes,14/08/2024
629,A.B.H.S ENTERPRISE,G1,PERLIS,PERLIS,04-9384592,-,Yes,Yes,Yes,12/10/2024
630,A.B.HALI ENTERPRISE,G1,JOHOR,KLUANG,0164510110,-,Yes,Yes,Yes,16/03/2025
631,A.B.I ENTERPRISE,G1,SARAWAK,Asajaya,01157781848,NO FAX,Yes,Yes,Yes,09/11/2025
632,A.B.I. MAJU EMPIRE,G1,WILAYAH PERSEKUTUAN KUALA LUMPUR,KUALA LUMPUR,01-3685766,NO FAX,Yes,Yes,Yes,02/08/2026
633,A.B.J.ENTERPRISE,G2,JOHOR,JOHOR BAHRU,0136130201,-,Yes,Yes,Yes,03/12/2025
634,A.B.M CONSTRUCTION & TRADING,G1,KEDAH,PENDANG,04-7846111,04-7846111,Yes,Yes,Yes,31/03/2024
635,A.B.M ENTERPRISE,G1,SARAWAK,KUCHING,019-8888523,0,Yes,Yes,Yes,02/01/2026
636,A.B.S. UNGGUL ENTERPRISE,G1,SARAWAK,Lawas,014-8938123,-,Yes,NO SPKK,NO STP,17/02/2025
637,A.B.U HAYAT SDN. BHD.,G7,PULAU PINANG,SEBERANG PERAI TENGAH,043971884,043971886,Yes,Yes,Yes,13/06/2025
638,A.B.U. LINE SDN. BHD.,G3,PULAU PINANG,SEBERANG PERAI TENGAH,043988794,043988795,Yes,Yes,Yes,10/02/2024
639,A.C JAYA ENTERPRISE,G2,SABAH,Papar,016-5877053,0,Yes,NO SPKK,NO STP,12/10/2025
640,A.C KRANG ENTERPRISE,G2,SARAWAK,Simunjan,012-8508619,0,Yes,Yes,NO STP,23/08/2026
641,A.C TRUSTED ELECTRICAL SERVICE COMPANY,G2,SABAH,KOTA MARUDU,0,-,Yes,Yes,Yes,17/09/2024
642,A.C.A.S. BERKAT ENTERPRISE,G2,SELANGOR,PETALING,0126100042,NO FAX,Yes,Yes,NO STP,03/05/2025
643,A.C.E. ENTERPRISE,G1,TERENGGANU,KUALA TERENGGANU,09-6263505,NO FAX,Yes,NO SPKK,NO STP,07/07/2026
644,A.C.T. PLASTER CEILING SDN. BHD.,G1,SABAH,TAWAU,089915997,089915997,Yes,NO SPKK,NO STP,23/06/2024
645,A.C.U ENTERPRISE,G2,SABAH,Tuaran,019-8203303,-,Yes,NO SPKK,NO STP,06/03/2024
646,A.CAH ENTERPRISE,G1,SARAWAK,KUCHING,016-5721413,NO FAX,Yes,NO SPKK,NO STP,10/02/2025
647,A.D ADAN ENTERPRISE,G1,SARAWAK,KUCHING,014-9962849,NO FAX,Yes,Yes,NO STP,25/01/2025
648,A.D ENTERPRISE,G3,SABAH,SANDAKAN,089-212262,NO FAX,Yes,Yes,Yes,21/02/2025
649,A.D LINE ENTERPRISE,G1,SARAWAK,KUCHING,011-1210768,NO FAX,Yes,Yes,Yes,05/01/2025
650,A.D TRADING,G2,SABAH,LAHAD DATU,000-0000,NO FAX,Yes,NO SPKK,NO STP,27/06/2025
651,A.D. ENTERPRISE,G1,SARAWAK,Simunjan,016-8897501,NO FAX,Yes,NO SPKK,NO STP,07/03/2024
652,A.D. INTERIOR CONCEPT SDN. BHD.,G5,WILAYAH PERSEKUTUAN KUALA LUMPUR,KUALA LUMPUR,03-92873227,03-92873236,Yes,NO SPKK,NO STP,20/09/2026
653,A.D. LOGISTIC ENTERPRISE,G1,SELANGOR,KUALA LANGAT,01-66548847,NO FAX,Yes,Yes,Yes,13/04/2024
654,A.D. MAINLEAD ENTERPRISE,G1,SELANGOR,PETALING,03-83228280,03-83228180,Yes,Yes,Yes,15/08/2026
655,A.D.A. SERI LEGACY,G1,JOHOR,JOHOR BAHRU,01111442796,NO FAX,Yes,Yes,Yes,11/10/2024
656,A.D.B ENTERPRISE,G1,SABAH,SIPITANG,013-8341143,00,Yes,NO SPKK,NO STP,18/11/2025
657,A.D.ENAM ENTERPRISE,G1,TERENGGANU,DUNGUN,0148341514,0,Yes,Yes,Yes,23/04/2026
658,A.D.F. RANIA ENTERPRISE,G1,SARAWAK,KUCHING,019-4409770,NO FAX,Yes,NO SPKK,NO STP,13/02/2025
659,A.D.JAYA ENTERPRISE,G1,PERAK,HILIR PERAK,0164210158,-,Yes,Yes,Yes,08/09/2024
660,A.D.K CONSTRUCTION,G6,SARAWAK,KUCHING,016-5761405,0,Yes,Yes,Yes,11/05/2024
661,A.D.L ENTERPRISE,G1,SARAWAK,KUCHING,013-8113119,016-8951302,Yes,NO SPKK,NO STP,16/11/2025
662,A.D.M  KONTRAKTOR & ELEKTRIKAL,G1,SABAH,Kota Belud,0168800525,-,Yes,NO SPKK,NO STP,20/01/2025
663,A.D.R RESOURCES,G1,TERENGGANU,HULU TERENGGANU,01-79772950,NO FAX,Yes,Yes,Yes,14/06/2025
664,A.D.S CONSTRUCTION,G2,SARAWAK,KUCHING,0138166158,0,Yes,Yes,NO STP,11/01/2024
665,A.D.S ELECTRICAL COMPANY,G2,SARAWAK,KUCHING,014-6922120,0,Yes,Yes,Yes,06/07/2026
666,A.D.S ENTERPRISE,G2,SABAH,BEAUFORT,0168422176,-,Yes,NO SPKK,NO STP,14/05/2025
667,A.E CARLINA LEGACY ENTERPRISE,G1,SABAH,Nabawan,016-6776211,NO FAX,Yes,NO SPKK,NO STP,08/11/2025
668,A.E ENTERPRISE,G1,SABAH,LAHAD DATU,016-3444955,-,Yes,NO SPKK,NO STP,22/08/2024
669,A.E LEGACY CONSTRUCTION,G2,SARAWAK,KUCHING,012-8200211,NO FAX,Yes,Yes,Yes,29/07/2024
670,A.E. ARIFF ENTERPRISE,G1,SARAWAK,LIMBANG,085212241,085212241,Yes,Yes,Yes,21/01/2026
671,A.E. ENTERPRISE,G1,SARAWAK,MARUDI,0148-899442,NO FAX,Yes,NO SPKK,NO STP,10/10/2024
672,A.E.SERVICE,G2,PULAU PINANG,SEBERANG PERAI TENGAH,04-5383553,04-5383553,Yes,NO SPKK,NO STP,13/10/2024
673,A.E.W. CONSTRUCTION  SDN. BHD.,G7,SABAH,Kota Kinabalu,088425251,088429385,Yes,NO SPKK,NO STP,17/02/2025
674,A.F. BERKAT JELI ENTERPRISE,G1,KELANTAN,JELI,01-39822191,NO FAX,Yes,Yes,Yes,22/08/2025
675,A.F. CONDITION MONITORING (M) SDN. BHD.,G6,WILAYAH PERSEKUTUAN KUALA LUMPUR,KUALA LUMPUR,03-62734078,03-62734080,Yes,Yes,Yes,01/03/2024
676,A.F. PREMIUM TRADING,G1,KELANTAN,PASIR PUTEH,0,NO FAX,Yes,Yes,Yes,16/12/2024
677,A.F.R ENTERPRISE,G1,SARAWAK,KUCHING,017-8010194,NO FAX,Yes,Yes,NO STP,04/01/2024
678,A.F.S ENGINEERING (SARAWAK) SDN. BHD.,G7,SARAWAK,,08-2429266,NO FAX,Yes,NO SPKK,NO STP,04/10/2024
679,A.F.S.ENGINEERING (MALAYSIA) SDN. BHD.,G7,SELANGOR,PETALING,03-80630281,03-80522741,Yes,Yes,NO STP,11/02/2026
680,A.F.U MN ENTERPRISE,G1,PAHANG,KUANTAN,0,0,Yes,Yes,Yes,11/05/2024
681,A.G. ENTERPRISE,G1,SARAWAK,PAKAN,0111516568,-,Yes,NO SPKK,NO STP,27/03/2024
682,A.G.H ENTERPRISE,G1,KEDAH,KUBANG PASU,04-9170193,-,Yes,Yes,Yes,15/09/2025
683,A.G.SHIM ENTERPRISE,G1,MELAKA,ALOR GAJAH,01-66907961,-,Yes,Yes,Yes,26/06/2025
684,A.H BERJAYA,G2,SABAH,Papar,019-6427479,0,Yes,NO SPKK,NO STP,27/02/2025
685,A.H DAMAI BAKTI ENTERPRISE,G1,KEDAH,YAN,01-75900801,NO FAX,Yes,Yes,Yes,01/06/2026
686,A.H JAYA ENTERPRISE,G1,SARAWAK,Serian,019-8358313,0,Yes,NO SPKK,NO STP,14/12/2023
687,A.H SINAR BINA,G1,WILAYAH PERSEKUTUAN KUALA LUMPUR,KUALA LUMPUR,01-35375913,-,Yes,Yes,Yes,29/05/2026
688,A.H. GLOBAL ENTERPRISE,G1,PERLIS,PERLIS,01-95488888,0,Yes,Yes,Yes,18/06/2026
689,A.H. LAKSANA ENTERPRISE,G1,SELANGOR,KUALA SELANGOR,01-93385913,NO FAX,Yes,Yes,Yes,30/01/2026
690,A.H. MEGA ENTERPRISE,G1,PULAU PINANG,SEBERANG PERAI SELATAN,01-94742770,NO FAX,Yes,Yes,Yes,16/04/2025
691,A.H. MEGAH LEGACY,G1,KELANTAN,PASIR MAS,0,0,Yes,Yes,Yes,20/02/2024
692,A.H.AYUB ENTERPRISE,G2,WILAYAH PERSEKUTUAN KUALA LUMPUR,KUALA LUMPUR,0391738240,0362594036,Yes,Yes,Yes,15/04/2024
693,A.H.D EXCLUSIVE RIGHT SDN. BHD.,G4,KELANTAN,KOTA BHARU,01-39221885,-,Yes,Yes,Yes,12/07/2026
694,A.H.L. CONSTRUCTION,G2,PERAK,KINTA,01-86638191,NO FAX,Yes,NO SPKK,NO STP,22/10/2026
695,A.I ENTERPRISE,G2,SABAH,Kota Belud,019-7900236,NO FAX,Yes,NO SPKK,NO STP,15/08/2025
696,A.I JAYA ENTERPRISE,G1,SABAH,PITAS,013-5400230,NO FAX,Yes,NO SPKK,NO STP,14/04/2024
697,A.I VISION TECH,G2,SABAH,TAWAU,010-6516606,NO FAX,Yes,Yes,Yes,12/09/2024
698,A.I. JANA NIAGA,G1,PAHANG,TEMERLOH,01-45417795,NO FAX,Yes,Yes,Yes,23/11/2024
699,A.I. TEGUH ENTERPRISE,G1,JOHOR,LEDANG,01-76474354,NO FAX,Yes,Yes,Yes,27/06/2024
700,A.I. TOTAL ENGINEERING SDN. BHD.,G5,SELANGOR,Hulu Langat,03-87370163,03-87370159,Yes,Yes,Yes,26/06/2025
701,A.I.A. KEUNGGULAN RESOURCES,G1,TERENGGANU,DUNGUN,09-6091880,NO FAX,Yes,Yes,Yes,28/11/2023
702,A.I.D Enterprise,G1,SARAWAK,SIBU,017-8070308,NO FAX,Yes,Yes,NO STP,13/06/2024
703,A.I.D. INTERIOR DESIGN,G1,WILAYAH PERSEKUTUAN KUALA LUMPUR,KUALA LUMPUR,0,NO FAX,Yes,NO SPKK,NO STP,04/07/2024
704,A.I.M. RIZQ ENTERPRISE,G1,PAHANG,BENTONG,01-95893439,NO FAX,Yes,Yes,Yes,18/02/2024
705,A.I.N ENTERPRISE,G1,PULAU PINANG,BARAT DAYA,0,0,Yes,Yes,Yes,08/10/2026
706,A.I.N.S. GLOBAL VENTURE,G1,TERENGGANU,KUALA TERENGGANU,01-39288197,NO FAX,Yes,Yes,Yes,08/12/2024
707,A.I.S industry enterprise,G1,SABAH,Kota Kinabalu,113-7105583,NO FAX,Yes,NO SPKK,NO STP,12/08/2024
708,A.J BINA TEGUH RESOURCES,G1,PERAK,BATANG PADANG,01-25176447,NO FAX,Yes,Yes,Yes,04/12/2025
709,A.J ENTERPRISE,G1,SABAH,Ranau,010-3930957,010-3930957,Yes,NO SPKK,NO STP,13/12/2024
710,A.J ENTERPRISE,G2,SABAH,Ranau,0198809995,-,Yes,NO SPKK,NO STP,31/07/2024
711,A.J HOLDING,G1,SABAH,Ranau,088-878258,NO FAX,Yes,NO SPKK,NO STP,01/03/2025
712,A.J ILYASHAH CO,G1,SABAH,Beluran,089219281,089219281,Yes,Yes,Yes,09/12/2023
713,A.J MEGA JAYA ENTERPRISE,G1,SARAWAK,Dalat,012-8819094,NO FAX,Yes,NO SPKK,NO STP,15/09/2024
714,A.J RESOURCES,G3,SELANGOR,PETALING,01-92184357,NO FAX,Yes,NO SPKK,NO STP,21/03/2024
715,A.J. CONTRUCTION,G2,SABAH,SEMPORNA,013-8719919,089-781032,Yes,Yes,Yes,01/08/2025
716,A.J.BERKAT ENTERPRISE,G1,TERENGGANU,MARANG,0139392452,-,Yes,Yes,Yes,16/02/2026
717,A.J.C.J. Enterprise,G2,SARAWAK,KUCHING,014-8831603,NO FAX,Yes,NO SPKK,NO STP,19/09/2025
718,A.K NG TILING CONSTRUCTION WORKS,G3,KEDAH,KOTA SETAR,04-7321778,04-7321778,Yes,NO SPKK,NO STP,10/09/2024
719,A.K RESIDENTIAL SERVICES SDN. BHD.,G5,KELANTAN,KOTA BHARU,097438686,097438585,Yes,NO SPKK,NO STP,19/09/2024
720,A.K. BINA JAYA ENTERPRISE,G1,TERENGGANU,SETIU,0,NO FAX,Yes,Yes,Yes,05/01/2025
721,A.K. CHIN ENTERPRISE,G2,SARAWAK,KUCHING,014-5909818,NO FAX,Yes,NO SPKK,NO STP,23/01/2027
722,A.K. KLASIKA RESOURCES,G1,TERENGGANU,DUNGUN,-,NO FAX,Yes,Yes,Yes,01/03/2026
723,A.K. MAJU GLOBAL RESOURCES,G1,PERAK,PERAK TENGAH,01-43048756,NO FAX,Yes,Yes,Yes,05/10/2025
724,A.K. SETIA BINA SDN. BHD.,G7,SARAWAK,,08-8275227,08-8205227,Yes,Yes,Yes,10/07/2024
725,A.K.A RESOURCES (M) SDN. BHD.,G5,SELANGOR,PETALING,0,NO FAX,Yes,NO SPKK,NO STP,09/06/2026
726,A.K.CONSTRUCTION ENGINEERING,G3,PERAK,KERIAN,05-7163876,-,Yes,NO SPKK,NO STP,18/08/2025
727,A.K.K. ENGINEERING SDN. BHD.,G7,JOHOR,JOHOR BAHRU,07-2543511,-,Yes,Yes,NO STP,21/11/2025
728,A.K.S. HOLDINGS SDN. BHD.,G1,SARAWAK,BINTULU,086-339085,086-339058,Yes,Yes,Yes,17/09/2024
729,A.K.T. CENTURY SDN. BHD.,G5,SELANGOR,KLANG,03-33191320,03-33239983,Yes,NO SPKK,NO STP,06/07/2025
730,A.L ELECTRICAL AND AIRCOND SERVICES,G1,SELANGOR,PETALING,01-96911698,NO FAX,Yes,Yes,Yes,27/04/2024
731,A.L TEGUH ENTERPRISE,G1,TERENGGANU,HULU TERENGGANU,01-48243133,NO FAX,Yes,Yes,Yes,01/11/2025
732,A.L. - WARISAN BERSATU SDN. BHD.,G1,PAHANG,KUANTAN,09-5141790,NO FAX,Yes,NO SPKK,NO STP,13/04/2024
733,A.L.D ENTERPRISE,G2,SARAWAK,MARUDI,019-8528280,0,Yes,Yes,Yes,20/12/2024
734,A.L.E.ENTERPRISE,G1,PERAK,KINTA,01-35293836,-,Yes,Yes,Yes,27/02/2025
735,A.L.M I CONTRACTOR,G1,SABAH,SANDAKAN,012-8623533,NO FAX,Yes,NO SPKK,NO STP,08/02/2025
736,A.M CHEMPAKA RESOURCES,G1,PAHANG,TEMERLOH,0148009905,NO FAX,Yes,Yes,Yes,27/09/2024
737,A.M CONSTRUCTION,G2,SABAH,TAWAU,011-2669237,0,Yes,NO SPKK,NO STP,29/09/2024
738,A.M DEVELOPMENT,G2,SABAH,LAHAD DATU,013-2063684,089884640,Yes,Yes,Yes,14/04/2024
739,A.M ENTERPRISE,G1,SABAH,PITAS,0138898737,0138898737,Yes,NO SPKK,NO STP,20/03/2024
740,A.M. 10 CONSTRUCTION ENTERPRISE,G1,WILAYAH PERSEKUTUAN KUALA LUMPUR,KUALA LUMPUR,03-42668287,NO FAX,Yes,Yes,Yes,15/02/2024
741,A.M. QAYYUM RESOURCES,G1,NEGERI SEMBILAN,PORT DICKSON,01-12711157,NO FAX,Yes,Yes,Yes,28/06/2025
742,A.M. UNGGUL CONSTRUCTION,G1,KELANTAN,KOTA BHARU,01-05708181,NO FAX,Yes,Yes,Yes,13/11/2024
743,A.M.A ENGINEERING,G1,SARAWAK,SAMARAHAN,013-8070579,NO FAX,Yes,NO SPKK,NO STP,02/06/2024
744,A.M.A ENTERPRISE,G1,SARAWAK,KUCHING,014-6973028,0,Yes,NO SPKK,NO STP,27/09/2026
745,A.M.A. CONSTRUCTION,G1,JOHOR,SEGAMAT,11-19281958,0,Yes,Yes,NO STP,11/10/2025
746,A.M.A. GLOBAL,G1,SELANGOR,SEPANG,01-96126625,0,Yes,NO SPKK,NO STP,01/08/2025
747,A.M.A.B BINA ENTERPRISE SDN. BHD.,G1,TERENGGANU,KUALA TERENGGANU,096672502,-,Yes,Yes,Yes,21/10/2025
748,A.M.CONSTRUCTION ENTERPRISE,G1,JOHOR,JOHOR BAHRU,078834478,-,Yes,Yes,Yes,09/11/2024
749,A.M.E. LEGACY,G1,KEDAH,KUBANG PASU,60134996263,NO FAX,Yes,Yes,Yes,09/06/2026
750,A.M.ENTERPRISE,G1,SELANGOR,KLANG,-,-,Yes,Yes,Yes,25/09/2025
751,A.M.F ENTERPRISE,G1,SARAWAK,KUCHING,011-1407978,0,Yes,NO SPKK,NO STP,10/10/2025
752,A.M.H ENTERPRISE,G1,SARAWAK,MUKAH,013-5707152,NO FAX,Yes,NO SPKK,NO STP,29/11/2024
753,A.M.HASIL KURNIA ENTERPRISE,G1,TERENGGANU,DUNGUN,0196699778,0,Yes,Yes,Yes,27/09/2024
754,A.M.I. CONSTRUCTION SENDIRIAN BERHAD.,G7,PERLIS,PERLIS,049808888,049806888,Yes,Yes,Yes,02/07/2026
755,A.M.I. TAWAQAL RESOURCES,G1,TERENGGANU,DUNGUN,09-6315929,NO FAX,Yes,Yes,Yes,21/09/2025
756,A.M.J KONTRAKTOR,G1,SABAH,BEAUFORT,087221899,-,Yes,NO SPKK,NO STP,06/03/2024
757,A.M.J. ENTERPRISE,G1,SABAH,Ranau,0198809995,-,Yes,NO SPKK,NO STP,31/07/2024
758,A.M.J.B.ENTERPRISE,G2,PAHANG,BENTONG,092236954,092236955,Yes,Yes,Yes,29/04/2025
759,A.M.N CONSTRUCTION ENTERPRISE,G2,SARAWAK,KUCHING,000-000000,000-000000,Yes,Yes,NO STP,25/02/2026
760,A.M.N.ENTERPRISE,G1,KEDAH,YAN,044695475,-,Yes,Yes,Yes,23/04/2026
761,A.M.R BERSATU ENTERPRISE,G1,SABAH,Kota Kinabalu,-,-,Yes,NO SPKK,NO STP,24/07/2025
762,A.M.S. BERKAT ENTERPRISE,G1,KELANTAN,JELI,---,NO FAX,Yes,Yes,Yes,05/04/2025
763,A.M.S. ENGINEERING SDN. BHD.,G3,SELANGOR,,03-55131099,0355131089,Yes,NO SPKK,NO STP,09/09/2026
764,A.MANAN BIN A.RAHMAN,G1,TERENGGANU,HULU TERENGGANU,013-9522797,-,Yes,Yes,Yes,20/09/2024
765,A.MARZ ENTERPRISE,G1,JOHOR,KLUANG,0127574433,077733550,Yes,Yes,Yes,04/09/2024
766,A.N ENTERPRISE,G1,SABAH,LAHAD DATU,013-4077938,NO FAX,Yes,NO SPKK,NO STP,22/09/2024
767,A.N. INTERIOR DESIGN CONTRACTOR,G1,SABAH,SANDAKAN,089632977,089632877,Yes,Yes,Yes,17/12/2024
768,A.N. NUSANTARA ENTERPRISE,G1,PULAU PINANG,BARAT DAYA,01-39552154,NO FAX,Yes,Yes,Yes,13/07/2024
769,A.N.A. BERKAT BINA ENTERPRISE,G1,TERENGGANU,KUALA TERENGGANU,60-16668515,60-96245204,Yes,Yes,Yes,27/10/2025
770,A.N.ADHA ENTERPRISE,G1,KELANTAN,MACHANG,019-9774438,TIADA,Yes,Yes,Yes,26/06/2024
771,A.N.I. BUILDING & CONSTRUCTION,G1,NEGERI SEMBILAN,REMBAU,01-82304610,NO FAX,Yes,Yes,Yes,01/02/2025
772,A.N.I.Q. SINAR ENTERPRISE,G1,NEGERI SEMBILAN,JEMPOL,0,NO FAX,Yes,Yes,Yes,28/11/2023
773,A.N.K BARI BESAR ENTERPRISE,G1,TERENGGANU,SETIU,0199678294,098246914,Yes,Yes,Yes,01/12/2026
774,A.N.N.U.R. RIZQI MAJU TRADING,G1,SELANGOR,SEPANG,01-74991767,NO FAX,Yes,Yes,Yes,07/04/2026
775,A.N.P ENTERPRISE,G1,SABAH,PUTATAN,088769691,088769691,Yes,NO SPKK,NO STP,20/09/2024
776,A.N.R. ENGINEERING SENDIRIAN BERHAD,G4,KEDAH,KOTA SETAR,04-7310866,04-7315252,Yes,Yes,Yes,08/02/2026
777,A.N.T 569 ENTERPRISE,G2,JOHOR,KULAIJAYA,01-82364535,NO FAX,Yes,Yes,NO STP,08/02/2024
778,A.NEEDA ENTERPRISE,G1,WILAYAH PERSEKUTUAN KUALA LUMPUR,KUALA LUMPUR,0390547577,-,Yes,Yes,Yes,14/05/2025
779,A.O ENTERPRISE,G1,SABAH,Ranau,016-8373973,NO FAX,Yes,NO SPKK,NO STP,14/11/2026
780,A.O.B ENTERPRISE,G2,SABAH,Kota Kinabalu,0168338381,088243833,Yes,Yes,Yes,05/09/2024
781,A.P.E.E. ENGINEERING SDN. BHD.,G5,PULAU PINANG,TIMOR LAUT,042833888,042823888,Yes,Yes,NO STP,27/09/2026
782,A.R ADVANCED ENTERPRISE,G2,SELANGOR,KUALA LANGAT,01-33370766,NO FAX,Yes,Yes,Yes,14/06/2026
783,A.R BUILDER CONSTRUCTION,G4,SARAWAK,KUCHING,082237471,082646623,Yes,Yes,Yes,12/09/2024
784,A.R ENTERPRISE,G1,SABAH,KOTA MARUDU,019-8626725,-,Yes,NO SPKK,NO STP,10/11/2024
785,A.R IHSAN ENTERPRISE,G1,SELANGOR,HULU SELANGOR,01-87777235,NO FAX,Yes,Yes,Yes,08/06/2025
786,A.R. ENTERPRISE,G1,SARAWAK,MUKAH,013-3778482,NO FAX,Yes,NO SPKK,NO STP,29/11/2024
787,A.R. PERKASA ENGINEERING,G2,JOHOR,JOHOR BAHRU,01-97294243,07-3333351,Yes,NO SPKK,NO STP,26/02/2025
788,A.R. RESOURCES ENTERPRISE,G1,SARAWAK,BETONG,014-8300212,NO FAX,Yes,NO SPKK,NO STP,06/03/2025
789,A.R. SERASI SDN. BHD.,G3,KELANTAN,KOTA BHARU,097011000,-,Yes,Yes,Yes,22/04/2025
790,A.R.A ENTERPRISE,G2,SABAH,LAHAD DATU,016-8467477,NO FAX,Yes,NO SPKK,NO STP,27/10/2025
791,A.R.A. STAR CONSTRUCTION,G3,SELANGOR,PETALING,0,NO FAX,Yes,NO SPKK,NO STP,14/02/2025
792,A.R.A.S ENTERPRISE,G1,SARAWAK,Asajaya,016-8703760,0,Yes,NO SPKK,NO STP,13/09/2025
793,A.R.A.S. MEGA TRADING,G1,KELANTAN,PASIR PUTEH,01-39938993,NO FAX,Yes,Yes,Yes,27/08/2024
794,A.R.ATHIQAH ENTERPRISE,G1,PERLIS,PERLIS,01-74339651,NO FAX,Yes,Yes,Yes,10/04/2025
795,A.R.E. ELECTRICAL ENGINEERING,G7,SARAWAK,KUCHING,082458341,082578341,Yes,Yes,Yes,05/10/2024
796,A.R.ENTERPRISE,G1,KELANTAN,JELI,0179993335,-,Yes,Yes,Yes,14/08/2026
797,A.R.ENTERPRISE,G1,KELANTAN,PASIR PUTEH,-,-,Yes,Yes,Yes,03/01/2025
798,A.R.HIJRAH ENTERPRISE,G1,SELANGOR,PETALING,0378658885,-,Yes,Yes,Yes,04/03/2024
799,A.R.I. ENTERPRISE,G1,KEDAH,POKOK SENA,047876063,049172686,Yes,Yes,Yes,11/03/2025
800,A.R.K ENTERPRISE,G1,JOHOR,SEGAMAT,019-7771947,07-9310030,Yes,Yes,Yes,25/10/2024
801,A.R.L LEGACY,G1,KELANTAN,TUMPAT,019-9823695,NO FAX,Yes,Yes,Yes,07/08/2025
802,A.R.M. CENTURY (M) SDN. BHD.,G2,SARAWAK,MIRI,085-424770,085-426770,Yes,NO SPKK,NO STP,18/02/2024
803,A.R.M. SYNERGY,G1,KELANTAN,PASIR MAS,01-02324250,NO FAX,Yes,Yes,Yes,20/07/2026
804,A.R.T.S CONSTRUCTION & ENGINEERING,G5,SABAH,Kota Kinabalu,0168322535,-,Yes,Yes,Yes,17/10/2024
805,A.RAHIS SDN. BHD.,G6,SELANGOR,PETALING,0361572498,0361572697,Yes,Yes,Yes,19/01/2026
806,A.RAHMAN BIN AHMAD,G1,TERENGGANU,DUNGUN,013-9217744,098276073,Yes,Yes,Yes,12/12/2026
807,A.RAHMAN BIN NGAH,G2,TERENGGANU,HULU TERENGGANU,09-6124243,-,Yes,Yes,Yes,16/01/2025
808,A.RAHMAN DECOR AND CONSTRUCTION,G1,JOHOR,KLUANG,0137746036,-,Yes,Yes,Yes,03/05/2024
809,A.RAHMAN RAJAB ENTERPRISE,G1,TERENGGANU,BESUT,01-96797175,NO FAX,Yes,Yes,Yes,26/10/2025
810,A.RASHID BIN JA ' FAR CONSTRUCTION SDN. BHD.,G1,JOHOR,MUAR,069518313,069516737,Yes,Yes,Yes,06/11/2025
811,A.RAZAK BIN YUNUS,G1,NEGERI SEMBILAN,TAMPIN,0127913218,0,Yes,Yes,Yes,24/03/2026
812,A.S ADIRAH ENTERPRISE,G1,MELAKA,JASIN,0,NO FAX,Yes,Yes,Yes,22/02/2026
813,A.S CONSTRUCTION ENTERPRISE,G1,SABAH,Papar,016-8230558,NO FAX,Yes,Yes,NO STP,13/12/2024
814,A.S ENTERPRISE,G1,SABAH,Ranau,010-7787044,NO FAX,Yes,NO SPKK,NO STP,11/09/2025
815,A.S KEKAL TEGUH ENTERPRISE,G1,SABAH,Kota Kinabalu,11-12629892,NO FAX,Yes,Yes,Yes,26/03/2024
816,A.S KONTRAKTOR,G1,SABAH,Beluran,013-5445484,NO FAX,Yes,Yes,Yes,16/08/2025
817,A.S LEGACY ENTERPRISE,G1,SABAH,Tuaran,016-8046400,NO FAX,Yes,NO SPKK,NO STP,14/12/2025
818,A.S MIE ENTERPRISE,G1,TERENGGANU,SETIU,096571208,-,Yes,Yes,Yes,31/05/2025
819,A.S PROGRESIF,G2,SABAH,Papar,019-5838382,NO FAX,Yes,NO SPKK,NO STP,09/05/2026
820,A.S RIVERVIEW ENTERPRISE,G1,SARAWAK,Julau,013-8272623,0,Yes,NO SPKK,NO STP,24/05/2024
821,A.S UNGGUL TRADING,G2,PAHANG,BENTONG,01-29849284,NO FAX,Yes,NO SPKK,NO STP,21/09/2025
822,A.S. BERSAMA ENTERPRISE,G1,TERENGGANU,DUNGUN,00-,NO FAX,Yes,Yes,Yes,25/01/2026
823,A.S. CERGAS ENTERPRISE,G1,PULAU PINANG,BARAT DAYA,0,NO FAX,Yes,Yes,Yes,14/07/2026
824,A.S. ENGINEERING SDN. BHD.,G5,WILAYAH PERSEKUTUAN KUALA LUMPUR,KUALA LUMPUR,0362513089,0362587794,Yes,Yes,Yes,15/11/2024
825,A.S. GADING RESOURCES,G1,PAHANG,TEMERLOH,01-29385060,NO FAX,Yes,Yes,Yes,25/07/2024
826,A.S. HUB.,G1,NEGERI SEMBILAN,JELEBU,01-66943948,NO FAX,Yes,Yes,Yes,29/12/2023
827,A.S. SINAR DAMAI SDN. BHD.,G3,PULAU PINANG,SEBERANG PRAI UTARA,01137216674,-,Yes,NO SPKK,NO STP,21/01/2025
828,A.S.A SINERGI,G1,SARAWAK,SAMARAHAN,012-8900199,NO FAX,Yes,Yes,NO STP,01/03/2024
829,A.S.A. SINAR ENTERPRISE,G1,MELAKA,MELAKA TENGAH,01-35355118,NO FAX,Yes,Yes,Yes,03/07/2024
830,A.S.A. UTAMA,G1,SABAH,TAWAU,089763367,089763367,Yes,Yes,Yes,13/12/2023
831,A.S.H BORNEO TEC,G3,SABAH,KOTA MARUDU,0138567992,-,Yes,NO SPKK,NO STP,28/03/2025
832,A.S.I.J.ENTERPRISE,G1,KELANTAN,,01-97554365,096971808,Yes,Yes,Yes,20/09/2024
833,A.S.Q ENTERPRISE,G1,SABAH,Kota Kinabalu,012-8235170,NO FAX,Yes,NO SPKK,NO STP,04/12/2023
834,A.T. ENTERPRISE,G1,SARAWAK,SARIKEI,012-8950939,NO FAX,Yes,NO SPKK,NO STP,15/09/2024
835,A.T.G.ENTERPRISE,G1,PAHANG,TEMERLOH,0199800852,-,Yes,Yes,Yes,14/02/2025
836,A.T.J ENTERPRISE,G1,SARAWAK,SARIKEI,012-8864978,NO FAX,Yes,NO SPKK,NO STP,02/10/2024
837,A.T.M. STUDIO,G1,SELANGOR,PETALING,00-00000000,NO FAX,Yes,NO SPKK,NO STP,01/10/2024
838,A.T.S BUMIPUTERA,G1,SARAWAK,MIRI,014-6661134,NO FAX,Yes,Yes,Yes,07/02/2024
839,A.U. ENTERPRISE,G1,SARAWAK,MIRI,0198251433,085-8251433,Yes,Yes,Yes,16/02/2024
840,A.V.S. SUN ENTERPRISE,G2,NEGERI SEMBILAN,SEREMBAN,01-66006851,NO FAX,Yes,NO SPKK,NO STP,29/03/2024
841,A.W. ARCHISENSE,G1,SARAWAK,SARIKEI,013-6694126,NO FAX,Yes,Yes,Yes,14/10/2026
842,A.W.G ENTERPRISE,G1,TERENGGANU,MARANG,0145205570,09-6625262,Yes,Yes,Yes,10/05/2024
843,A.WAN BROTHERS,G3,JOHOR,JOHOR BAHRU,0137461166,-,Yes,Yes,Yes,30/11/2025
844,A.Y CONSTRUCTION,G3,SABAH,Kota Belud,016-8077701,NO FAX,Yes,NO SPKK,NO STP,11/10/2024
845,A.Z CONSTRUCTION COMPANY,G2,SARAWAK,KUCHING,011-3190488,NO FAX,Yes,Yes,NO STP,08/12/2023
846,A.Z ENGINEERING,G2,SABAH,Kota Kinabalu,088-473588,---,Yes,Yes,Yes,07/10/2024
847,A.Z NRL DASUKI RESOURCES,G1,SABAH,Tuaran,017-8996917,NO FAX,Yes,NO SPKK,NO STP,12/01/2025
848,A.Z. TIPPER ENTERPRISE,G1,JOHOR,JOHOR BAHRU,0187648546,NO FAX,Yes,Yes,Yes,10/01/2025
849,A.Z.D ENTERPRISE,G1,SABAH,Ranau,01131673828,00,Yes,NO SPKK,NO STP,26/07/2026
850,A.Z.ENTERPRISE,G1,SELANGOR,KLANG,0333723646,-,Yes,Yes,Yes,17/09/2024
851,A.Z.ENTERPRISE,G1,WILAYAH PERSEKUTUAN KUALA LUMPUR,KUALA LUMPUR,0192266256,-,Yes,Yes,Yes,11/07/2024
852,A.Z.H. ENTERPRISE,G1,SARAWAK,KUCHING,082-510663,NO FAX,Yes,Yes,Yes,23/02/2025
853,A.Z.KAMALIZA ENTERPRISE,G3,JOHOR,KOTA TINGGI,078825210,078825210,Yes,Yes,Yes,24/10/2025
854,A.Z.NIRA ENTERPRISE,G1,TERENGGANU,KEMAMAN,098730319,-,Yes,Yes,Yes,15/07/2024
855,AZ ENTERPRISE,G2,SABAH,TELUPID,013-8575758,NO FAX,Yes,NO SPKK,NO STP,12/03/2024
856,A2 AUTOMATION SDN. BHD.,G5,PULAU PINANG,SEBERANG PERAI TENGAH,01-94477053,NO FAX,Yes,NO SPKK,NO STP,03/10/2024
857,A2Z (M) SDN. BHD.,G5,SELANGOR,,03-78762155,03-,Yes,NO SPKK,NO STP,25/04/2025
858,A2Z CONSTRUCTION  SDN. BHD.,G1,SELANGOR,,03-61507941,NO FAX,Yes,NO SPKK,NO STP,25/04/2024
859,A2Z FLEX SDN. BHD.,G2,SELANGOR,,0187732889,NO FAX,Yes,NO SPKK,NO STP,12/07/2024
860,A3 ENTERPRISE,G1,SABAH,KENINGAU,010-5823800,08-7330822,Yes,NO SPKK,NO STP,21/02/2025
861,A3 MAJUJAYA ENTERPRISE,G1,TERENGGANU,KUALA TERENGGANU,019-6086899,NO FAX,Yes,Yes,Yes,18/05/2024
862,A4 ENTERPRISE,G1,SABAH,KENINGAU,010-5823800,010-5823800,Yes,NO SPKK,NO STP,25/09/2024
863,AA & A ENTERPRISE,G1,JOHOR,TANGKAK,064540116,064540116,Yes,Yes,Yes,28/08/2024
864,AA & AZ UTARA ENTERPRISE,G1,PERLIS,PERLIS,0134849718,NO FAX,Yes,Yes,Yes,16/01/2026
865,AA 1 RD ENTERPRISE,G1,KEDAH,KULIM,0,0,Yes,NO SPKK,NO STP,12/09/2024
866,AA 3 ALLOUTSERVICE ENTERPRISE,G1,MELAKA,ALOR GAJAH,0169349366,NO FAX,Yes,Yes,Yes,24/04/2024
867,AA 805 TRADING,G1,TERENGGANU,KUALA TERENGGANU,0142200603,NO FAX,Yes,Yes,Yes,11/07/2025
868,AA 86 TRADING,G1,KELANTAN,GUA MUSANG,01-45000877,NO FAX,Yes,Yes,Yes,26/09/2026
869,AA ABADI ENTERPRISE,G1,KEDAH,PADANG TERAP,---,NO FAX,Yes,Yes,Yes,08/12/2024
870,AA AFIQ ENTERPRISE,G1,KEDAH,PADANG TERAP,01-79394991,NO FAX,Yes,Yes,Yes,02/10/2024
871,AA AIESAH ENTERPRISE,G1,SABAH,Kudat,010-2606372,0,Yes,NO SPKK,NO STP,25/09/2026
872,AA AINOT RESOURCES,G1,PERAK,"LARUT, MATANG DAN SELAMA",01-78780494,NO FAX,Yes,Yes,Yes,23/08/2024
873,AA AIRCOND SERVICE,G1,SARAWAK,Daro,019-9555282,NO FAX,Yes,Yes,NO STP,13/02/2025
874,AA AMIR ENTERPRISE,G1,PULAU PINANG,Seberang Perai Utara,01-74552270,NO FAX,Yes,Yes,Yes,21/10/2025
875,AA AMSYA ENTERPRISE,G1,PULAU PINANG,TIMOR LAUT,01-64086607,NO FAX,Yes,Yes,Yes,08/07/2026
876,AA ANIQA TRADING,G1,PERAK,HILIR PERAK,056213239,056213239,Yes,Yes,Yes,23/07/2024
877,AA ANMAS ENTERPRISE,G1,MELAKA,ALOR GAJAH,0,NO FAX,Yes,Yes,Yes,17/10/2024
878,AA ASIA COMMERCIAL SERVICES ,G2,PULAU PINANG,Seberang Perai Utara,01-22382327,NO FAX,Yes,NO SPKK,NO STP,12/10/2025
879,AA ATELIER,G3,MELAKA,MELAKA TENGAH,01-26968081,NO FAX,Yes,NO SPKK,NO STP,17/09/2024
880,AA AURA DYNAMIC ENTERPRISE,G1,WILAYAH PERSEKUTUAN PUTRAJAYA,PUTRAJAYA,0174665590,NO FAX,Yes,Yes,Yes,08/03/2025
881,AA AUSPICIOUS SDN. BHD.,G2,SELANGOR,KLANG,01-22630058,NO FAX,Yes,NO SPKK,NO STP,05/04/2025
882,AA AZIZAH ENTERPRISE,G1,NEGERI SEMBILAN,REMBAU,06-4382184,-,Yes,Yes,Yes,29/12/2025
883,AA AZMAN ENTERPRISE,G1,TERENGGANU,BESUT,0199395841,0199395841,Yes,Yes,Yes,29/01/2026
884,AA BAROKAH EMPIRE,G1,KEDAH,PENDANG,01-94282933,NO FAX,Yes,Yes,Yes,17/10/2025
885,AA BENA CONSTRUCTION & ENGINEERING SDN. BHD.,G3,SELANGOR,Hulu Langat,0389202124,0389267384,Yes,Yes,NO STP,09/03/2026
886,AA BERKAT JAYA ENTERPRISE,G1,NEGERI SEMBILAN,JEMPOL,0,NO FAX,Yes,Yes,Yes,20/03/2025
887,AA BERKAT MAJU JAYA ENTERPRISE,G1,TERENGGANU,MARANG,019-9556635,NO FAX,Yes,Yes,Yes,04/11/2025
888,AA BERKAT VENTURES,G1,TERENGGANU,KUALA TERENGGANU,09-6261527,NO FAX,Yes,Yes,Yes,19/02/2024
889,AA BERMULA ENTERPRISE,G1,PAHANG,KUANTAN,01-99879349,NO FAX,Yes,Yes,Yes,06/03/2026
890,AA BERSATU MAJU ENTERPRISE,G1,TERENGGANU,KEMAMAN,019-9899545,NO FAX,Yes,Yes,Yes,04/12/2025
891,AA BINA ENTERPRISE,G2,NEGERI SEMBILAN,REMBAU,064382428,-,Yes,Yes,Yes,24/03/2024
892,AA BINA MAJU ENTERPRISE,G1,PAHANG,KUANTAN,09-5383352,NO FAX,Yes,Yes,Yes,08/05/2025
893,AA BINA TEGUH RESOURCES,G2,JOHOR,MUAR,01117634954,NO FAX,Yes,Yes,Yes,08/02/2025
894,AA BINA VENTURE,G1,TERENGGANU,BESUT,01-45069713,NO FAX,Yes,Yes,Yes,24/04/2024
895,AA BIZ JAYA ENTERPRISE,G1,JOHOR,KULAIJAYA,01-43907676,NO FAX,Yes,Yes,Yes,24/02/2024
896,AA BUILDERS ENTERPRISE,G1,JOHOR,BATU PAHAT,01-77202217,NO FAX,Yes,Yes,Yes,26/10/2026
897,AA BUSINESS RESOURCES,G2,PULAU PINANG,BARAT DAYA,046118500,046118500,Yes,Yes,Yes,05/12/2024
898,AA CAHAYA QASEH ENTERPRISE,G1,KEDAH,KULIM,012-4740581,012-4740581,Yes,Yes,Yes,18/04/2025
899,AA CLAN SOLUTION,G2,SELANGOR,Hulu Langat,0,0,Yes,NO SPKK,NO STP,05/06/2024
900,AA CONSTRUCTION & ENTERPRISE,G2,SABAH,BEAUFORT,0198508986,0,Yes,Yes,Yes,28/06/2026
901,AA CONSTRUCTION & RENOVATION,G1,JOHOR,JOHOR BAHRU,0166150293,NO FAX,Yes,Yes,Yes,09/05/2024
902,AA CONSTRUCTION & SERVICES,G2,SELANGOR,PETALING,0133939392,NO FAX,Yes,Yes,Yes,29/12/2023
903,AA CONSULT,G1,NEGERI SEMBILAN,SEREMBAN,0,NO FAX,Yes,NO SPKK,NO STP,12/06/2025
904,AA CONTRACTOR ENTERPRISE,G3,SABAH,LAHAD DATU,016-2378257,016-2378257,Yes,NO SPKK,NO STP,24/08/2024
905,AA CORP ENTERPRISE,G1,SARAWAK,Matu,014-8866912,NO FAX,Yes,NO SPKK,NO STP,28/02/2025
906,AA DAMAI DEVELOPMENT SDN. BHD.,G7,SABAH,Kota Kinabalu,01-98202282,NO FAX,Yes,NO SPKK,NO STP,01/09/2025
907,AA DELI MAJU ENTERPRISE,G1,PERAK,KUALA KANGSAR,05-5274426,NO FAX,Yes,Yes,Yes,09/12/2025
908,AA DESIGN,G2,SABAH,TAWAU,0,NO FAX,Yes,Yes,NO STP,23/03/2025
909,AA DEVELOPMENT,G1,SELANGOR,Hulu Langat,01-03529797,NO FAX,Yes,Yes,Yes,21/12/2024
910,AA EMAS ENTERPRISE,G2,PERAK,BAGAN DATOK,01-95266127,NO FAX,Yes,Yes,Yes,19/09/2026
911,AA EMAS IMPIAN ENTERPRISE,G1,NEGERI SEMBILAN,JEMPOL,0,NO FAX,Yes,Yes,Yes,11/01/2025
912,AA EMPIRE BUILDING ENTERPRISE,G1,KELANTAN,KOTA BHARU,01-11058221,NO FAX,Yes,Yes,Yes,07/08/2026
913,AA EMPIRE ENGINEERING,G1,KEDAH,KUALA MUDA,01-11087003,NO FAX,Yes,Yes,Yes,19/04/2026
914,AA E-MULTI RESOURCES,G2,SABAH,Kota Kinabalu,014-2839217,NO FAX,Yes,Yes,NO STP,28/12/2024
915,AA ENTERPRISE,G1,SABAH,BEAUFORT,011-1512664,NO FAX,Yes,NO SPKK,NO STP,27/03/2025
916,AA ENTERPRISE,G2,SABAH,Kota Kinabalu,017-8101115,NO FAX,Yes,NO SPKK,NO STP,16/06/2026
917,AA ENTERPRISE,G1,SARAWAK,Daro,019-4268697,NO FAX,Yes,NO SPKK,NO STP,05/10/2024
918,AA ENTERPRISE,G1,SARAWAK,BETONG,019-4835989,NO FAX,Yes,NO SPKK,NO STP,12/12/2025
919,AA FADZ RUWAY ENTERPRISE,G1,KEDAH,LANGKAWI,01-76542739,NO FAX,Yes,Yes,Yes,19/07/2025
920,AA FAMILY ENTERPRISE,G1,SABAH,KENINGAU,0178697770,-,Yes,NO SPKK,NO STP,02/07/2024
921,AA FAZLY ENTERPRISE,G1,NEGERI SEMBILAN,SEREMBAN,0193985541,0,Yes,Yes,Yes,21/08/2024
922,AA FIRE PROTECTION SERVICE,G2,JOHOR,KLUANG,077866958,077866958,Yes,Yes,NO STP,18/07/2026
923,AA GEE ENTERPRISE,G1,KEDAH,KOTA SETAR,04-7729745,NO FAX,Yes,Yes,Yes,03/04/2025
924,AA GELAM ENTERPRISE,G1,KEDAH,LANGKAWI,01-16437616,NO FAX,Yes,Yes,Yes,24/02/2024
925,AA GEMILANG GROUP SDN. BHD.,G5,TERENGGANU,BESUT,09-6951660,09-6951660,Yes,Yes,Yes,30/08/2026
926,AA GEMILANG MAJU RESOURCES,G1,SELANGOR,KUALA LANGAT,0,NO FAX,Yes,Yes,Yes,27/10/2024
927,AA GEMILANG SOLUTION,G1,JOHOR,MUAR,01-73337718,NO FAX,Yes,Yes,Yes,13/12/2026
928,AA GENERAL TRADING,G2,SARAWAK,MARUDI,017-8103199,NO FAX,Yes,Yes,NO STP,12/06/2024
929,AA GILAYISH ENTERPRISE,G1,MELAKA,ALOR GAJAH,01-66631979,NO FAX,Yes,NO SPKK,NO STP,25/08/2024
930,AA GLOBAL SOLUTION,G1,TERENGGANU,BESUT,01-36736751,NO FAX,Yes,Yes,Yes,13/03/2025
931,AA GLOBAL VENTURE,G1,TERENGGANU,BESUT,018-2662295,NO FAX,Yes,Yes,Yes,20/12/2025
932,AA GOLDEN ENTERPRISE,G1,PAHANG,ROMPIN,13-9877274,NO FAX,Yes,Yes,Yes,21/03/2026
933,AA GOLDEN VENTURES,G1,KELANTAN,PASIR PUTEH,13-2827020,NO FAX,Yes,Yes,Yes,20/03/2024
934,AA GREAT CONSTRUCTION,G3,KEDAH,LANGKAWI,04-9663470,04-9663470,Yes,Yes,Yes,05/03/2025
935,AA GROUP ENERGY  SDN. BHD.,G3,SELANGOR,,01-27749457,NO FAX,Yes,NO SPKK,NO STP,29/11/2024
936,AA HARMONI ENTERPRISE,G1,PERLIS,PERLIS,01-75873195,NO FAX,Yes,Yes,Yes,15/10/2024
937,AA HARMONI JAYA ENTERPRISE,G1,KEDAH,KUALA MUDA,01-77041058,NO FAX,Yes,Yes,Yes,27/03/2024
938,AA HERITAGE RESOURCES,G2,KELANTAN,PASIR MAS,0177134634,-,Yes,Yes,NO STP,24/07/2024
939,AA IDAMAN MAJU ENTERPRISE,G1,PERLIS,PERLIS,01-93099741,NO FAX,Yes,Yes,Yes,08/01/2027
940,AA IKHLAS EMPIRE,G1,KELANTAN,KUALA KRAI,01-25352595,0,Yes,Yes,Yes,21/08/2025
941,AA INDAH TRADING,G1,KELANTAN,PASIR MAS,01-03883447,NO FAX,Yes,Yes,Yes,02/08/2024
942,AA INFINITY ENTERPRISE,G2,WILAYAH PERSEKUTUAN LABUAN,LABUAN,012-6261992,NO FAX,Yes,NO SPKK,NO STP,07/09/2025
943,AA INSPIRE LEGACY,G1,KELANTAN,PASIR PUTEH,01-49420717,NO FAX,Yes,Yes,Yes,30/11/2026
944,AA INTEGRATED & SOLUTION,G1,KELANTAN,KOTA BHARU,01-72820029,NO FAX,Yes,Yes,Yes,27/02/2024
945,AA INTERAKTIF RESOURCES,G1,SELANGOR,KUALA SELANGOR,01-32736168,NO FAX,Yes,Yes,Yes,02/02/2025
946,AA JANA SERVICES,G1,PERAK,KINTA,0172691213,NO FAX,Yes,Yes,Yes,18/07/2025
947,AA JAYA EMPIRE,G1,PERAK,KERIAN,11-11513323,NO FAX,Yes,Yes,Yes,22/12/2025
948,AA JAYA LEGACY,G1,PERLIS,PERLIS,01-45584548,NO FAX,Yes,Yes,Yes,25/01/2024
949,AA JAYA RESOURCES,G1,KELANTAN,PASIR MAS,01-63021191,NO FAX,Yes,Yes,Yes,18/12/2026
950,AA JAYA VENTURES,G1,WILAYAH PERSEKUTUAN PUTRAJAYA,PUTRAJAYA,01-45144669,NO FAX,Yes,Yes,Yes,31/10/2024
951,AA JEF ENTERPRISE,G1,KELANTAN,KOTA BHARU,013-9561111,-,Yes,Yes,Yes,09/06/2026
952,AA JOEYS RESOURCES,G1,TERENGGANU,BESUT,09-6091880,NO FAX,Yes,Yes,Yes,25/03/2025
953,AA JOULE BINA ENTERPRISE,G2,MELAKA,JASIN,0,NO FAX,Yes,NO SPKK,NO STP,12/02/2025
954,AA KAIZEN RESOURCES,G1,PERAK,"LARUT, MATANG DAN SELAMA",01-25128885,NO FAX,Yes,Yes,Yes,01/08/2026
955,AA KALAI TRADING,G1,KELANTAN,TANAH MERAH,TIADA,TIADA,Yes,Yes,Yes,18/08/2024
956,AA KARISMA RESOURCES (M) SDN. BHD.,G3,WILAYAH PERSEKUTUAN KUALA LUMPUR,KUALA LUMPUR,0178683630,-,Yes,Yes,NO STP,02/10/2024
957,AA KENCANA ENTERPRISE,G1,KELANTAN,TANAH MERAH,0139318899,0,Yes,Yes,Yes,17/07/2024
958,AA KIARA TRADE,G1,KELANTAN,TANAH MERAH,01-79804812,NO FAX,Yes,Yes,Yes,03/10/2026
959,AA KLEBANG TENAGA ENTERPRISE,G1,MELAKA,MELAKA TENGAH,0,NO FAX,Yes,Yes,Yes,24/04/2024
960,AA KONTRAKTOR,G1,SABAH,KENINGAU,012-8660442,NO FAX,Yes,Yes,Yes,05/04/2025
961,AA LAND SDN. BHD.,G5,KELANTAN,TUMPAT,01125742959,NO FAX,Yes,NO SPKK,NO STP,12/12/2024
962,AA LEGACY,G3,SABAH,Kota Kinabalu,016-8364465,NO FAX,Yes,Yes,Yes,06/03/2025
963,AA LEGACY CONSTRUCTION,G1,PULAU PINANG,Seberang Perai Utara,017-4304776,NO FAX,Yes,Yes,NO STP,05/11/2025
964,AA LEGACY ELECTRICAL AND CONSTRUCTION,G1,JOHOR,MUAR,0,NO FAX,Yes,Yes,Yes,30/10/2025
965,AA LETRIK,G1,PAHANG,PEKAN,019-9525895,-,Yes,Yes,Yes,26/11/2025
966,AA LIMA ENTERPRISE,G1,NEGERI SEMBILAN,REMBAU,0126311584,-,Yes,Yes,Yes,17/09/2024
967,AA MAJU,G1,SABAH,Kota Kinabalu,013-8679994,NO FAX,Yes,NO SPKK,NO STP,19/06/2025
968,AA MAJU GLOBAL CONSTRUCTION & ENGINEERING,G1,KELANTAN,PASIR PUTEH,0,NO FAX,Yes,Yes,Yes,28/12/2025
969,AA MAJU KITA ENTERPRISE,G2,SELANGOR,KUALA LANGAT,0,NO FAX,Yes,Yes,NO STP,28/09/2024
970,AA MAJU MANTAP,G2,JOHOR,JOHOR BAHRU,0127272363,-,Yes,Yes,Yes,15/05/2025
971,AA MAJU RESOURCES,G1,TERENGGANU,KUALA TERENGGANU,01-39215758,NO FAX,Yes,Yes,Yes,13/12/2025
972,AA MAJU SETIA ENTERPRISE,G1,PAHANG,PEKAN,01-11022869,NO FAX,Yes,Yes,Yes,21/06/2026
973,AA MARBLE & GRANITE SDN. BHD.,G5,SELANGOR,PETALING,03-78324311,03-78324311,Yes,NO SPKK,NO STP,08/08/2024
974,AA MASTER CONSTRUCTION,G2,SELANGOR,PETALING,0,NO FAX,Yes,NO SPKK,NO STP,20/12/2023
975,AA MEGA GLOBAL ENTERPRISE,G1,KEDAH,ALOR SETAR,01-24924377,NO FAX,Yes,Yes,Yes,06/01/2026
976,AA MEGA WORLD VENTURE,G1,PULAU PINANG,TIMUR LAUT,0,NO FAX,Yes,Yes,Yes,04/04/2025
977,AA MELATI SOLUTION  SDN. BHD.,G2,PAHANG,TEMERLOH,03-87608049,NO FAX,Yes,Yes,Yes,28/07/2024
978,AA MENARA MAJU ENTERPRISE,G1,PAHANG,MARAN,01-99291636,NO FAX,Yes,Yes,Yes,03/02/2026
979,AA MENTARI ENTERPRISE,G1,PERAK,KERIAN,01-34245524,NO FAX,Yes,Yes,Yes,05/07/2025
980,AA MIN ENTERPRISE,G1,KELANTAN,GUA MUSANG,TIADA,TIADA,Yes,Yes,Yes,27/06/2024
981,AA MUTIARA MAJU ENTERPRISE,G1,JOHOR,SEGAMAT,01-77176660,NO FAX,Yes,Yes,Yes,17/10/2024
982,AA MUTIARA SOLUTION,G1,JOHOR,MUAR,01-73337718,NO FAX,Yes,Yes,Yes,31/12/2024
983,AA NAJMI ENTERPRISE,G1,PERAK,BAGAN DATOK,01-7409007,NO FAX,Yes,Yes,Yes,21/03/2025
984,AA NETWORK,G1,PERAK,BATANG PADANG,05-7674096,NO FAX,Yes,Yes,Yes,06/06/2025
985,AA NIAGA VENTURES,G1,NEGERI SEMBILAN,SEREMBAN,0,NO FAX,Yes,Yes,Yes,28/06/2024
986,AA NORTH ENTERPRISE,G1,KEDAH,KOTA SETAR,01-07903282,NO FAX,Yes,Yes,Yes,30/11/2023
987,AA PADU EMPIRE,G1,TERENGGANU,HULU TERENGGANU,01139142643,NO FAX,Yes,Yes,Yes,28/11/2023
988,AA PANTAS VENTURE,G1,PULAU PINANG,SEBERANG PERAI TENGAH,01-38872457,NO FAX,Yes,Yes,Yes,16/09/2025
989,AA PERMAI ENTERPRISE,G1,TERENGGANU,SETIU,096576271,-,Yes,Yes,Yes,13/05/2024
990,AA PERTAMA SDN. BHD.,G2,SELANGOR,PETALING,0,NO FAX,Yes,Yes,Yes,23/11/2025
991,AA PLUS ENTERPRISE,G1,SARAWAK,SRI AMAN,083320219,083320219,Yes,NO SPKK,NO STP,08/11/2025
992,AA POWER GLOBAL SDN. BHD.,G3,PULAU PINANG,SEBERANG PERAI TENGAH,04-3566005,NO FAX,Yes,Yes,Yes,19/05/2025
993,AA Premium Co.,G1,SABAH,Kota Kinabalu,014-6744711,088-259281,Yes,NO SPKK,NO STP,30/01/2025
994,AA PREMIUM LEGACY,G2,PAHANG,RAUB,01-82258700,NO FAX,Yes,Yes,Yes,12/10/2026
995,AA PRESTIGE DYNAMIC SERVICES,G1,NEGERI SEMBILAN,PORT DICKSON,01-43297973,NO FAX,Yes,Yes,Yes,09/02/2025
996,AA PRIMA VENTURE,G1,KEDAH,KUALA MUDA,01-34984535,0,Yes,Yes,Yes,25/10/2026
997,AA PROPERTY DEVELOPMENT,G3,KELANTAN,KOTA BHARU,01-99947575,NO FAX,Yes,NO SPKK,NO STP,14/02/2024
998,AA PROTECTION SDN. BHD.,G7,SELANGOR,,0355693244,0355694099,Yes,Yes,NO STP,05/10/2024
999,AA RAZZAQ CONSTRUCTION,G1,PAHANG,KUANTAN,01125684637,NO FAX,Yes,Yes,Yes,13/07/2024
1000,AA RELATIONS ENTERPRISE,G1,PAHANG,CAMERON HIGHLANDS,01-63441810,NO FAX,Yes,Yes,Yes,08/11/2024
